Applied Voltage (V),Current Density (mA/cm²),Substrate Concentration (g COD/L),Inoculum Type,HRT (d),pH,Temperature (°C),Substrate Type,Hydrogen Production Rate (HPR)
0.49963209507789,7.132536283187579,2.2587628239668867,Pure Culture,5.950827464123404,6.616958918576836,20.65235896683133,Glucose,3.5095081143524705
0.960571445127933,5.592915480269144,5.648059000094403,Pure Culture,4.497875187668623,6.2843243883482005,21.15405856831798,Acetate,5.056257757067759
0.7855951534491241,3.4405123547201137,8.792985440825879,Sludge,2.4731542131877133,7.999403057745865,28.88730698483029,Acetate,9.143063629036742
0.6789267873576292,8.231052687216012,7.456136420890831,Sludge,3.464121767626959,6.6507013043335865,25.51095878438967,Acetate,7.170143949503958
0.3248149123539492,7.004946139261853,8.162330904683772,Pure Culture,9.354857795637193,7.584384700020252,32.440791247419874,Acetate,5.975520199891201
0.32479561626896214,2.044860923776467,6.758441983751815,Sludge,7.083840480277198,7.585800360498428,39.84884578749558,Glucose,6.932839249302085
0.24646688973455957,9.153808252691503,7.076627362919599,Sludge,5.464430548118979,8.55215625744047,27.72646346152932,Glucose,7.346163096968867
0.8929409166199482,8.314103807770106,8.567358689870533,Pure Culture,1.1144340098820416,7.3947696092763895,31.476825082090265,Starch,9.359260557771307
0.6808920093945671,9.523099176273279,2.8718460841622666,Sludge,9.931738604405231,7.008614439847948,28.31207791814671,Acetate,2.8826817401031595
0.7664580622368364,7.39433532968942,5.149537154609835,Mixed,7.043094414051789,5.555485305586068,36.945433354437185,Starch,5.278300458025726
0.21646759543664196,6.327444361390004,2.601489697286221,Mixed,3.8523022961045044,5.462950426714821,38.04472806924476,Glucose,5.467993265144012
0.9759278817295955,4.473308844760879,9.882846075968146,Mixed,8.913417939980544,5.6172862611323175,37.5471122441052,Glucose,8.024231061515913
0.8659541126403374,9.360920591863126,9.468563727022826,Mixed,3.325884582626363,5.687393925308378,39.48744477358515,Starch,9.863013388800077
0.36987128854262097,8.727606950253879,0.874554708000806,Pure Culture,5.896149212644764,7.551508370654536,20.550383702808304,Acetate,1.7985572956078875
0.3454599737656805,0.9295773660087994,7.20296413889904,Pure Culture,6.724636873568426,7.963925001098314,36.79632324291062,Acetate,6.546746084456512
0.34672360788274703,0.750486257723894,9.289859015448826,Pure Culture,2.989570343083556,7.119966091705675,35.03544346078186,Acetate,9.526414455150814
0.4433937943676302,4.076401985341471,2.2154657787096683,Mixed,9.805575509205363,8.316070930181965,24.573888188007295,Acetate,2.807049100314123
0.6198051453057902,8.200256642427412,5.89547969024998,Mixed,7.733727153810978,8.965052906934533,39.12640186775055,Starch,7.095817009007072
0.5455560149136927,9.879123228491972,9.197138827086398,Sludge,6.020319029599629,8.280050516477424,22.96355856459891,Starch,6.699940960295664
0.43298331215843355,1.9289604654835177,0.822486796565089,Sludge,2.625351383577708,7.779529494703837,33.590998542678165,Glucose,4.394536786980104
0.6894823157779035,6.144241795845284,7.125492538844979,Mixed,1.4847238629822352,7.129970797748586,24.49780433631825,Acetate,8.040318885427729
0.3115950885216335,4.118463137994704,3.3248155700392323,Mixed,3.880538492688851,6.7954122866988325,28.627612975481494,Acetate,5.488554890300758
0.43371571882817456,9.71418677923873,9.281763856077038,Mixed,7.778686023220625,5.337569522178169,34.38319793889138,Acetate,6.615922650945116
0.4930894746349534,8.500129769789233,9.725053329070994,Mixed,3.4239816847182256,6.597474993578764,31.266492840660934,Starch,8.036262773683417
0.5648559873736287,8.46412269475581,9.470531646577623,Sludge,5.8560059844595465,8.640538547128537,28.550036626562232,Acetate,7.959163704575559
0.8281407691144109,4.9525850180522175,5.005035058245906,Mixed,7.551524590576689,8.232090519626212,26.526768618639743,Starch,4.79899350634269
0.3597390257266878,4.440785272207819,8.689405184398478,Sludge,1.9714934318181792,5.864205460046749,36.79319311417581,Acetate,8.483117747139053
0.6113875507308892,3.097367183341709,8.523219286083169,Mixed,7.1676821450428605,6.8664311387888635,22.876287006296273,Acetate,5.635640845287142
0.6739316550896339,1.0355672181838076,3.5314544958109284,Mixed,1.8268379893904023,8.266892810234179,28.602057530596,Glucose,6.036188566126304
0.2371603301759982,8.714862574423005,8.374697004431436,Mixed,9.686167679142969,5.26953821914209,38.075151435502846,Acetate,5.755301878675896
0.6860358815211507,8.222559586735738,0.8515725297971799,Sludge,5.395547170584456,6.549570342674637,36.91699100919935,Acetate,3.8098635368904183
0.33641929894983325,9.99731789621824,6.1645638455795035,Sludge,2.3560849693888963,8.40736494749579,28.018835249460935,Glucose,7.277144308861353
0.25204127438822366,9.9680499522021,2.685083954233179,Pure Culture,4.0814527243019185,6.6155914566804945,35.26216727202616,Starch,5.141475080731619
0.9591084298026666,5.776601203224961,1.6453854148841487,Mixed,4.720748043657353,5.310458578925763,36.463216614177185,Starch,5.12460775615594
0.9725056264596474,7.805380444214849,1.231055415477487,Pure Culture,7.823665099688836,7.170137474129006,37.777748480072596,Acetate,3.4337183041582193
0.846717878493169,9.475274433883067,7.114743370842327,Pure Culture,7.6908140746894835,8.446969979673181,30.89011538098456,Starch,6.710847604756828
0.4436910153386966,8.57165021143541,3.7288121557966285,Sludge,6.507464548035979,7.361142171812639,24.089217721094236,Acetate,5.186088503313348
0.2781376912051071,2.8498069665603776,7.385284329523234,Sludge,1.9533764130264366,5.905116432856927,25.106181530078633,Glucose,6.8346445912542215
0.7473864212097256,4.780169285445888,1.1208852375899525,Pure Culture,2.3641243442890625,6.536958480549526,25.913893480832083,Glucose,4.7602699999553
0.5521219949916811,1.7270144439392023,3.4952582093907982,Mixed,1.8438122858100097,6.800493444727729,31.87604961619231,Acetate,6.5918900898977295
0.2976305878758231,9.563484758957863,5.625167277565703,Sludge,6.194555049587951,7.317065415282107,20.65619248257217,Glucose,5.153953229521401
0.5961415280890161,6.25865902728336,8.011870065970154,Mixed,8.894245973602636,8.037404103010452,32.720849375599364,Glucose,6.777471065066187
0.22751081689217473,2.672106652282896,3.528148777854664,Mixed,4.904204610292946,5.395494470562541,27.28708476856464,Acetate,4.565672021694268
0.9274563216630256,6.881156501855639,6.445968076151586,Pure Culture,2.4476335656197157,8.558608132070265,25.90483604979284,Acetate,7.882371067120139
0.40702398528001354,6.37221828435001,8.916788608243778,Pure Culture,6.022380926340703,5.049238812064303,37.58993141456253,Glucose,8.063863132469981
0.7300178274831857,3.9025458213119846,6.350700287731893,Pure Culture,8.305769951791389,6.480209338697021,29.20004791161598,Starch,4.924970992459383
0.4493688608715288,1.5787971258964757,2.713115010159521,Pure Culture,7.67540855361637,5.10968123989063,21.901060910653854,Starch,1.771780125463591
0.6160544169422486,6.879945358131597,0.7318074247871111,Sludge,8.933057017075193,6.571896901381165,36.53493536052494,Acetate,2.36991128544612
0.6373682234746237,5.442923158586036,8.765939302058834,Sludge,3.5011188752398104,7.103250395493295,20.95282514873013,Acetate,7.223381165017513
0.3478835644204217,7.837024721488573,0.7020594030786778,Pure Culture,2.745584805409974,7.046725546326047,34.534984483363935,Starch,4.96546803626561
0.9756677022116469,5.441553260563937,8.809665890499895,Sludge,8.91834837347745,5.662513388113061,35.47812443541331,Glucose,6.63797207738418
0.8201062586888916,8.59572425302613,5.524902773258514,Pure Culture,6.918042815002208,7.58296204038245,27.052052118577166,Starch,6.026906398306117
0.9515991532513512,5.743114968357613,9.421143135872514,Mixed,3.7983603700679875,5.179113802018673,36.495757125555734,Starch,8.766603665222307
0.915861880342119,5.82891072958617,8.08844073984982,Mixed,7.681132455152583,8.047627280529662,30.31318811712907,Starch,6.867036799874632
0.6783199830488682,8.828209225254279,9.980374050066706,Mixed,8.336065460323312,8.786577735974184,29.265873065455935,Starch,7.297872729176085
0.9374993880184934,4.333087229017772,3.8317622467912464,Pure Culture,6.534804163070191,6.359075308604472,20.90806562937385,Acetate,3.1256678300395033
0.2707940016415356,1.773144670281087,7.788288744845706,Mixed,7.190956988919236,7.068957526857328,25.800583872978116,Acetate,6.061999433946911
0.3567862899353162,0.7734354249767202,4.318343679287801,Sludge,4.377339139983997,6.515641112235258,38.620199417706,Glucose,7.15288115023389
0.23618183112843047,7.673803928899381,5.058818392887134,Mixed,5.848261006087352,5.02684156121624,27.83647926567,Glucose,4.721560336564072
0.4602642646106115,6.392940737857915,6.461301900574516,Mixed,5.71743253653546,6.543498011580464,30.934010411135368,Glucose,5.360417423597313
0.5109418317515857,7.188757796942624,8.799932584770218,Mixed,8.632430120176947,8.166881037045385,30.640433579685038,Glucose,7.306581692919098
0.41707922541911674,2.523159534334652,9.848792957393304,Sludge,8.559675822539642,7.383955368733927,31.808621796453867,Starch,6.535411370610731
0.8629900073215435,1.7955290180743129,7.798597431712923,Pure Culture,8.49412422412339,5.405039658460636,21.226619112865652,Acetate,4.640606098960779
0.4854026613548714,0.6381743238448783,4.468784430589671,Sludge,1.0992845283621921,8.38855795877514,27.243525095974565,Acetate,6.575824001065775
0.4247476077499046,3.8305818086626715,4.502891521632167,Pure Culture,7.745909360219994,7.124341379540971,34.46256547765108,Glucose,5.200017581893411
0.6341568665265989,6.104218025119014,7.507031865094469,Pure Culture,7.828087510999044,8.366893446978704,24.01120502145966,Glucose,5.482582363427094
0.31273937997981016,4.226318428447457,2.7683828847988723,Mixed,7.105409405696276,7.320886075140118,24.07156755092721,Starch,3.235436066512156
0.8417575846032317,4.656011759225426,1.5495040747482491,Pure Culture,7.806381921023073,7.238753779351759,20.201812133780493,Starch,2.931756698378532
0.2596405149438167,9.08950759769061,3.868910497587377,Sludge,8.577733343470378,5.4210367407880495,28.749638532164195,Glucose,3.9541083014856673
0.9895095492804138,3.8084269367213532,3.2287704207137766,Sludge,5.232871486916071,5.669438932554511,37.65468761346844,Acetate,6.361216162471277
0.8177958154373259,5.382900147018202,3.314927144331906,Pure Culture,5.518451921396024,8.888101025986364,21.038018871746182,Acetate,5.492296066615645
0.35897254522733796,7.944703621040859,2.7192736349741446,Mixed,2.122426512202514,5.913946987019083,23.82237418992005,Acetate,4.980058377234569
0.20441769369888194,4.267156432052067,0.8998853015454379,Mixed,4.468382947426257,8.909808471961473,26.2016907668551,Glucose,3.566724435379632
0.8523691427638673,6.409823652164798,0.6698023799674312,Sludge,6.790286619206059,7.127650826097053,34.634494731284256,Acetate,4.298347052342314
0.7654858750780937,8.69245523309408,9.883362702492299,Mixed,8.02359798532547,5.5431561882557485,32.812711856051735,Starch,7.770251195969897
0.7832057344327898,9.5204459247476,4.563844770490692,Pure Culture,2.954881879220895,5.397208811014772,28.318878091637103,Starch,6.1865354691551016
0.8170162773487566,1.8971980688258605,4.1511031480169756,Pure Culture,2.2404060924331186,5.83545628282296,35.18137878516751,Glucose,6.830881295774744
0.2592357213872723,9.302582439034197,6.956649185584164,Sludge,6.96737804050443,8.702549320101344,32.19262023313804,Starch,6.09924459400769
0.48677258283541813,5.175104784255613,2.5734119347181097,Pure Culture,1.0169189517241959,6.656600897312908,37.92081599314438,Glucose,5.980401922976185
0.2926952476201038,2.9533216888401044,9.524631247527141,Sludge,2.6053532587659687,6.5817370719716575,36.360534982773856,Acetate,9.118707656364009
0.890482740700475,4.861789684263482,7.970277636947745,Pure Culture,1.2616424230955836,6.252825044280696,25.056272121784012,Acetate,8.149679543063305
0.6986385014620464,9.810309465212033,1.3494045219664654,Sludge,2.5019660606938383,5.5882474022663535,25.428771552684005,Acetate,3.803829418200533
0.46471841988211937,5.179871892932261,4.467017369956819,Mixed,2.631873519329547,6.951404788769626,22.507129515847712,Starch,5.668386248728226
0.25084668022881895,3.623140297731328,8.851623921840565,Pure Culture,4.489062352753548,5.520191130044555,26.73929451434913,Glucose,8.098121228740693
0.4487858573725298,6.517308116008895,9.474954211768397,Pure Culture,4.6209441221790035,8.34192094552931,39.990878374381886,Acetate,8.505529222033445
0.46014665762139767,2.7813833783928343,4.940314356873762,Sludge,8.868362235492139,6.481587945101226,28.11502337230122,Glucose,4.576707998918605
0.7836849426704513,1.2207016170323073,6.327408197501724,Sludge,5.590987412489427,6.499214271127185,24.409768693782127,Acetate,5.82118824229864
0.7100459770841705,1.7243573581511678,2.0868224878747146,Pure Culture,7.510642890510576,6.896025713932623,35.24965768951106,Starch,4.487753847856479
0.9097701940610612,1.7164354700988382,9.916101948301277,Sludge,1.9372362212825869,6.776510852663007,30.84942006925312,Starch,9.32958309024248
0.5777719401295595,1.9430755883667963,2.700881163142712,Pure Culture,3.0289487991732447,8.979431892237287,22.99202899053905,Glucose,4.9260328289008095
0.29567539675064136,1.8188581401693962,9.455951854283693,Mixed,7.326490968808091,7.18152448487321,27.613793623217315,Starch,7.0290034387003555
0.7705958297783961,6.588310075630539,6.671643165427501,Sludge,1.475235644216753,5.352806815159482,28.289394310786868,Starch,7.258411405614394
0.8086280388935181,2.2278608017918757,6.273499551349162,Pure Culture,5.379378960193778,7.42750936630772,35.07659401138437,Glucose,6.402729134446294
0.649021758055597,3.7838391915767007,5.370540854656832,Mixed,6.3943206909664045,5.60633717147952,20.41342737783809,Acetate,4.331844283240459
0.8167737439636489,9.019489894107112,2.6913632113187074,Mixed,6.419310796472329,5.1237505789253674,25.38039293596621,Starch,2.927879957172172
0.5950364770915126,5.0026355824972875,2.1770163040523283,Pure Culture,1.2063953014123783,8.882968614708993,30.35192602631044,Glucose,6.341001624138658
0.6181862635055952,6.841798515949758,2.5946189861666658,Sludge,3.8989720380626696,8.094155566138255,25.376934849056866,Starch,3.845918940063285
0.5420328146868397,2.1370387764154835,2.2711634903704176,Pure Culture,6.728415859442387,8.920435969655067,32.56868094837998,Starch,5.105965717598921
0.22033530139527616,2.3267456786823724,7.906052498884156,Mixed,2.3409976253431912,6.91151379208897,29.63734958549233,Starch,7.987814420024108
0.2863131415946436,0.8882518545315492,3.826189962083936,Pure Culture,7.258740834952479,7.1290301245959045,27.234205097191612,Starch,4.33044408633723
0.22514334854938742,2.104883099185563,1.0495054273522655,Sludge,7.713326879323071,5.6733478236765205,38.984172537410245,Glucose,2.3418012132711308
0.7091283290110244,3.146608220803607,9.706474986337708,Mixed,9.837722714015307,5.987629706670342,32.643189983729144,Glucose,6.766768562834286
0.45148478486106136,2.1815996006290947,8.895965907152544,Pure Culture,2.888577953707685,8.354196859611314,22.598827445358825,Glucose,8.450101226140891
0.6068565529317622,1.3426740706920284,9.313646690354524,Sludge,8.426176008995036,6.424742588470377,31.201833948867908,Starch,6.76028370788988
0.9260531791408744,1.6460407754557078,9.951624315141135,Mixed,5.682669192267887,8.307259895185677,35.61463706401802,Starch,8.695738553659982
0.39943378331909996,4.877398296310895,2.1520048675851293,Sludge,4.3611633652975605,7.836054897148127,34.16979394985594,Starch,4.753055777770941
0.5283063384285038,2.460170324855029,4.264299179575258,Mixed,2.1013908159266013,5.7086837010874625,23.44178458590519,Glucose,5.376153803240794
0.804440910834439,3.9605636799567168,7.703265519188867,Pure Culture,7.619550458387838,7.029785464478969,39.448399980802066,Starch,7.134432216565229
0.383038532393298,5.28246407312114,7.112195871511026,Sludge,3.1227183922931836,7.709549286074868,28.976272914932117,Acetate,7.982159008735028
0.2615839278630344,7.058750871978971,1.962011110228623,Mixed,4.342798016857412,5.9401488592153004,23.180500074805227,Starch,3.361179306675903
0.43180116233101445,0.8734653284904399,8.250414687410869,Sludge,1.562880042076316,8.322754042080307,23.60391508256296,Acetate,7.748941903645744
0.32897702980320354,8.094398789635905,2.632185432448276,Sludge,8.21230224237567,7.179310630180748,21.96469984378161,Starch,2.0972440143505207
0.9437581218740585,6.465053700163624,2.6262673408149193,Pure Culture,7.89929671574479,5.660968201770412,36.070362168698686,Glucose,4.67980431304669
0.8464963036515336,1.2767108035142831,5.601257017487429,Sludge,7.602542470380812,7.33193770465841,22.440609886436974,Starch,5.13834448748176
0.7067230052083389,8.798996929014384,6.13292938099618,Mixed,3.69499159442698,8.998855216623657,22.502505142834938,Acetate,6.177262720852547
0.8971684721501743,9.248287805052225,6.010818974459206,Mixed,2.5613206683936154,5.602085966653654,37.009432295216754,Acetate,6.657943973126992
0.8429376615192916,1.0802406186212057,1.3691249552786713,Mixed,6.737979380232067,8.267027720478112,26.892081688951194,Starch,3.885513600563833
0.3492560471088287,3.130337657398435,8.835878194988613,Mixed,5.465497457018975,5.829236012750232,20.61715808616145,Acetate,6.1918560136113685
0.9140471987919823,8.158912158034083,3.0232004045927074,Pure Culture,2.6042722021417744,8.12955331784035,21.037905990368216,Acetate,5.3592931472551335
0.6314737935325205,7.608467058644754,1.7303917521866397,Sludge,7.173201439448773,7.938311692485653,22.84340893407791,Glucose,4.0690049778094455
0.84595212413125,2.2529496838855847,8.943106758755283,Pure Culture,9.920137886391734,6.201957542401729,24.26786695951379,Starch,5.826035995342316
0.9168730399387945,2.488818571698748,9.578689233182658,Sludge,7.724976289678339,6.3032924702578,33.302923884768106,Starch,7.539381735745848
0.4544027799774911,4.019484976518129,8.69021236402178,Sludge,7.659877480170506,8.170085567851677,23.146525600036565,Starch,5.785673851691553
0.2880415396221414,5.102968359314703,8.190402709886342,Sludge,9.552814776375325,6.845782047549251,22.37748782354144,Acetate,4.910484449844756
0.3823481300335534,6.373420329537812,6.724798816070706,Pure Culture,2.82642730817412,7.923272114847235,35.29438282952558,Starch,8.014731100339786
0.5416862309010051,4.004679575912838,5.733145020786823,Sludge,6.0899496842929635,5.591936589463339,33.421105677198284,Starch,5.960088185738202
0.8544118127379945,4.894079803264905,1.3263742191583963,Pure Culture,9.816820435304951,8.410231127606213,28.706484429104723,Glucose,3.8160977676433747
0.8885844666050748,7.600973912270687,4.3803055241716375,Mixed,2.487646998731571,7.8435388667292765,30.986195429602077,Glucose,7.071596334789442
0.20556170442495258,0.84849042746068,4.040540911616983,Mixed,7.302267635000689,8.627771235339335,26.23968040652837,Glucose,4.2761613808153465
0.6085978420620526,2.898150971268197,2.967660945723099,Sludge,6.272291313747117,5.52948951613989,29.650008404707215,Acetate,3.80663980666902
0.5339288025190232,7.276821065903248,7.372491080041557,Pure Culture,6.278311829698363,7.37205800144239,30.133452979654916,Starch,6.8509883132721185
0.3776862483765842,9.004464958028393,5.210819483248323,Mixed,7.279035647680677,7.396482340161301,27.744745423561916,Glucose,4.524114977218348
0.29589229386694627,5.360935700098828,1.2699390511226554,Pure Culture,9.366552305881157,6.41384296218713,38.13144421344326,Glucose,3.2475462224412426
0.4700921371229024,5.5550781100204984,2.591740418523208,Pure Culture,8.043237458662041,6.833865698277031,20.321237299620122,Glucose,2.901576514431154
0.9543277631300153,1.5181341077278725,6.990958254766161,Sludge,1.50522493074589,5.151926253159414,35.64342526182492,Starch,8.293875524091977
0.4585623456166042,4.750417484822819,1.2232431651578517,Mixed,8.6745521788814,7.983440154508048,22.487656624826485,Starch,1.906416276759476
0.6150324973946929,5.55986403132272,8.586465683463302,Sludge,3.0298719693315936,7.1972899176126965,35.95094721074399,Starch,7.818201529777414
0.7624151671161423,2.803469784529932,5.203892006632756,Sludge,4.392227482627348,5.2309642074766955,32.31823831353442,Acetate,6.744144928280065
0.4909036819034352,3.057810694019119,5.065572484603156,Mixed,5.15559532251144,7.723023571841942,36.86556181872805,Acetate,6.811641682434729
0.9774256661767686,4.084199549493915,6.127873954265417,Mixed,5.328154006777627,6.867128308924752,21.95028651281795,Glucose,6.029694261899972
0.9699578359536891,0.6906763788884005,8.334469176288916,Pure Culture,4.916623593298211,5.1378450377,31.17961268199548,Starch,6.833067886768845
0.40142583666029136,3.559752073040194,3.804187475070834,Mixed,9.43617964794278,8.878430907392381,30.02175760524394,Glucose,4.860161804353716
0.5977988047139084,2.508756066467174,6.941153449311104,Pure Culture,7.354171068976221,8.796448572357761,34.12386365926717,Starch,6.681632094823041
0.44070264785341573,3.611224845690189,5.874453657960015,Pure Culture,6.680535813610357,7.05160966458879,30.685811037873517,Starch,5.620133588535001
0.4278723955019741,1.6377402522828866,3.036768566609503,Pure Culture,1.4485782500464741,5.374689682823641,30.814691342662083,Starch,5.047872367813913
0.22950955788362626,8.960009167029002,8.846984870374001,Mixed,9.135219972343371,8.018484886394367,28.591918871521294,Acetate,5.4359500885519685
0.6876514671839176,6.139128308763462,8.075547205265817,Sludge,9.184511728075567,6.967724400422917,26.176688480146815,Acetate,6.422428141918421
0.6021432185830893,6.951472031872651,6.755292429255042,Pure Culture,8.02191757087092,6.20978991315752,29.645287225043845,Starch,6.302570908067417
0.2411830009999915,7.997126766769714,8.580526426395299,Sludge,1.0632628343225723,6.965672710114227,22.36984717536801,Glucose,7.711585947583853
0.4229171713892892,5.235200889826044,8.739294909118122,Sludge,1.5155222596986102,7.089776581621858,39.2302667796617,Starch,9.254614223148277
0.9266127087733229,1.325742736830525,7.22944827879283,Mixed,3.027013320416408,7.250846796089357,34.288215272531964,Starch,8.138379112194091
0.39164951253357794,5.602512147276204,8.451626619454885,Sludge,2.18214467330416,6.764894854621306,39.04934233375694,Glucose,8.967595227045237
0.3159158976729785,6.074990621198352,7.125978885858195,Sludge,4.589524267333565,7.423021212556227,24.534547646599265,Starch,5.776994026948784
0.5915622082220504,7.581675004751135,6.961337331722854,Mixed,9.303607522790108,8.67493884242551,37.58682040353056,Glucose,6.510378376718274
0.9885203632884807,4.600765689181954,6.376808093044251,Pure Culture,5.2485439077729845,6.449072348394365,36.17579969127077,Acetate,7.388602600094129
0.39364421720920034,1.7120128765578557,7.650808075797592,Sludge,1.1206236378894905,7.902865852879796,33.54304824915347,Acetate,9.248088939614991
0.737708437924703,3.1958711050878823,2.0067485002842003,Mixed,3.544711206208858,8.57781022729693,32.50058372170412,Glucose,5.502870138255859
0.8092956922629742,3.9492818157870335,8.86827221238982,Sludge,1.4013541753566539,6.823917103039747,26.3309933053574,Acetate,7.870873304092265
0.39011003519391974,6.636213792650212,8.782513513579705,Sludge,1.3265886035215195,6.7738233455276164,36.328215699300614,Acetate,9.469728374523456
0.7825730788894878,5.922393894354663,0.7778491888283119,Pure Culture,3.48147867785997,7.408467941419119,30.03030922959468,Glucose,4.327298684576171
0.4942265061754026,3.8829188960295395,8.345259130365246,Sludge,3.480511048110509,7.365627037689952,21.417831517825707,Acetate,7.823970862002287
0.7058446644748637,9.871894863533306,1.7242637409977295,Mixed,8.084139423414436,8.226357369305108,26.2572632171026,Starch,3.9872924716477107
0.7068237686087158,6.254860783890428,3.683629115461848,Sludge,9.773511875030007,6.905933535113171,38.70594197090655,Starch,5.4592280703558345
0.6286197472598067,2.7536545214919474,7.563328434770273,Pure Culture,4.340863845009984,8.984491798557764,37.01360521209693,Glucose,8.199765774924593
0.27223181604352664,1.4669334898938355,2.0272190124589278,Pure Culture,4.859981909749347,5.237886275469123,39.638113961530784,Acetate,5.779716574055162
0.8682419964713903,1.9521618222511543,8.270686729131091,Mixed,8.603104926574193,5.0126713943228065,32.55986765208196,Starch,6.682997780291012
0.4566240519773887,2.836598419652827,8.40527469059855,Pure Culture,3.4132511808596204,7.560793246238495,24.950201462808238,Starch,8.36433023098614
0.3492148083198834,2.026473045965779,5.3209434707279435,Sludge,2.4074362396310316,6.193739649447506,23.256300993537277,Acetate,5.530680932457918
0.23262011324381116,2.2723867284874046,0.560665781309919,Pure Culture,8.677806610632853,5.961529554797935,23.738288812169234,Acetate,1.27992342143185
0.6727143545505935,3.2084041025915475,3.2268622651616714,Mixed,1.4185052779605893,6.247596320017122,20.39591316694509,Starch,5.15217528986711
0.7420514894738259,2.147049155300171,6.360805724569551,Pure Culture,6.577294961794741,6.024190260419817,27.813642219718783,Starch,5.862996644188227
0.21327026314228492,9.01927153395104,9.821268691260522,Pure Culture,6.057935627201261,5.123160198641791,23.82855360999085,Glucose,7.298763240445739
0.6096744466394248,1.2622205837856009,6.50222850665835,Pure Culture,4.113284027515249,8.886132169562355,28.23310920913405,Glucose,6.98934129793779
0.3811966201583504,5.48285820091742,2.968134020109518,Mixed,3.836705689876231,5.882981953811127,38.69988863677531,Starch,6.266905348813505
0.71613823232756,4.398769856401785,6.523054179446308,Pure Culture,7.946719535634592,7.936119050357226,28.6108041901438,Glucose,6.264843297546977
0.33949314320399315,9.83259686063176,5.629861107300627,Pure Culture,1.7778214968629182,8.050385578776702,37.559689939696696,Starch,7.812528619576068
0.7527501904819729,1.5643695705964973,7.908531253935864,Sludge,3.1310587838024686,8.717029592028917,32.11009533231753,Starch,8.898901904591463
0.5093882770404299,4.279628190934545,1.5163160688561048,Mixed,7.592038586542808,5.12219782837352,24.94263109322784,Glucose,2.1701272316785176
0.9493839909893877,9.709969116116005,7.729765073769266,Pure Culture,5.934885253537818,8.48819335378803,27.117095185184226,Glucose,8.428375242893688
0.3100167553167946,8.722317695992812,5.642032497423048,Mixed,2.1518938768022773,7.108904723359201,21.678390716428588,Acetate,4.680915345701752
0.47285308084020683,8.262184674018158,9.64842403666045,Pure Culture,8.939220528538542,7.530176439863311,26.66925187192021,Acetate,7.03016040185303
0.29077881699247127,2.9500768569269282,3.7477855773675177,Pure Culture,4.541030619072324,7.577881108484135,33.55081891007068,Acetate,4.7325668146214115
0.9397548946228502,2.1234320802056255,6.509907984772507,Pure Culture,8.450815377899556,8.27919121993891,21.442221858588702,Starch,5.158745372952285
0.9018714827047849,6.852110589282095,9.354267002345166,Sludge,8.08941713974938,6.333629288636442,24.108028169560587,Glucose,6.606530175359322
0.4063533021721245,9.329071896712065,1.473842415911453,Sludge,6.619829018245552,7.932204759439974,27.628820828266228,Starch,4.1791949583912205
0.7279872368273432,5.789247483632333,9.403670628746285,Sludge,5.450330181655836,7.114312438888788,39.64099074031925,Glucose,8.690011505109505
0.8537777601609726,5.930320549964049,7.034914361857727,Mixed,9.815957563435813,8.173576057221391,35.6972364591776,Starch,7.114136935219826
0.64416064927957,3.1598013897726998,1.1444520614991331,Mixed,2.304685651418353,8.962184131080534,34.66973492984208,Acetate,5.066150853835633
0.6237204626848052,7.810182865323401,3.3591538859947545,Sludge,7.526401547960033,5.802604069615045,22.32381913050892,Acetate,3.9868704376085455
0.39348183272036136,2.276915611296472,7.2276348421301755,Mixed,2.720716313183101,8.978594566239991,35.61991787229983,Acetate,8.23292597281269
0.2744822142447194,3.574952745840315,1.139830713953331,Pure Culture,4.044367947991136,5.359248617131096,35.705376230320304,Starch,4.25529535005391
0.9177726063626614,4.541646166855959,6.030619371674596,Pure Culture,3.778288690358757,5.0092701916192555,32.02205391248657,Glucose,6.651911261837108
0.9203344457306644,5.322298597502323,3.785889041053089,Pure Culture,9.523323889648507,5.176647744711325,39.80723563996744,Glucose,5.429449760213335
0.7064811658186143,2.8028924579432624,6.398697418791032,Sludge,9.706205600094476,6.367129618947047,26.50507811849104,Acetate,5.320475619277452
0.4712238328389606,1.5909498350224336,0.934549321218872,Mixed,2.6471389981125446,7.531625322713737,38.82544896483704,Acetate,5.660732848765555
0.47936765969012873,6.30089040319551,8.779599658447575,Sludge,1.1983164426775377,5.2761181635513985,38.29462229913007,Acetate,8.722550694502528
0.7807645430961916,3.24199025578243,9.74814520718527,Mixed,7.480072356968018,5.0226632581182695,20.229613194987557,Acetate,5.924645568086472
0.9176882079620616,6.021763103514816,9.70433962521407,Pure Culture,4.761909404834359,8.74836411383518,29.00233052949622,Glucose,8.293365170489972
0.9096691394120939,1.966445795104922,7.621692401557785,Sludge,1.7995622057880793,8.287706543759718,39.54208466103147,Starch,8.486391182031154
0.8239004366860991,5.070830967620766,1.7358192812410036,Mixed,7.153786950193383,8.236732684556124,22.062427248161516,Starch,3.8651422175637657
0.7136253169234303,5.559599609240066,7.703500361325714,Mixed,5.905949754346297,8.537697102007908,30.95569388766639,Starch,7.290062553894585
0.26731197199603907,0.9923235998130556,0.7335757063586144,Pure Culture,9.824651398009955,7.800137091088418,39.57915014082208,Starch,2.981937461526895
0.329302971275691,3.6977406428422457,0.7101737395254739,Sludge,3.0466854627524103,5.417616518992325,31.109908482117206,Acetate,4.647088876680533
0.9188433508216634,1.7769394309202553,3.574297081920642,Sludge,4.635800886938934,6.596400752294892,23.79630605944312,Acetate,4.592399410746078
0.685143247727672,1.1020622194912937,5.142110308844325,Sludge,5.882912230558806,7.892597945858518,31.643664601851796,Acetate,5.676946664950576
0.20735764129330372,9.90462220770448,7.818870469174035,Pure Culture,8.125299896080165,6.121337843166083,24.088811478990937,Starch,5.15850728507243
0.2811772342928257,3.5623615272598683,6.9913060777617995,Sludge,5.939547910480528,7.74962545654495,30.394085257889685,Acetate,5.961729544330513
0.7308014152864446,8.193807235619031,4.736075710579109,Pure Culture,6.516101447757543,5.097993793070609,21.48084435824696,Acetate,4.337709632274243
0.20404926707697496,2.919086220255757,3.0994533296758258,Pure Culture,3.035323464309467,6.224549363518372,32.109653384288094,Glucose,5.0714132112070525
0.32864644113399893,6.974275861127328,9.972682751498256,Pure Culture,8.622268552797038,7.196521345108691,30.335798782563163,Glucose,6.881826404798364
0.6389870314932689,7.722164668952022,4.548722371241743,Mixed,4.857674922734281,7.528359318024969,34.80322737522926,Acetate,6.017291349112971
0.7535161581541547,6.158568035774521,4.788176731131917,Sludge,2.2686366476959234,7.308162657847643,32.6140094231757,Glucose,6.986233024746599
0.7215690076020804,4.979973791226504,2.0544263013208575,Sludge,6.977691230548756,7.791025104293718,30.992125370615135,Glucose,4.210319108257649
0.37941544756844786,4.412488684399051,8.050690713124329,Pure Culture,2.9448140786677675,5.024354992959356,33.79557698496242,Acetate,7.5698746439009446
0.7697433770780286,3.814248532158455,7.089981144924142,Pure Culture,1.8780625921536975,5.4037647999100855,22.878838271444618,Acetate,6.7866203155572915
0.3897992699974401,9.330526870354346,2.5973113214932235,Sludge,8.75788217563845,8.47577700911658,31.90719322517208,Acetate,3.8282437349838787
0.4603197585274142,8.390884373983427,1.2826199333505057,Pure Culture,5.141460380395957,7.726994576360645,23.442212056455553,Acetate,3.265538712526312
0.7971931240944194,9.66775565133187,6.964743369709774,Sludge,7.743553414261988,5.451726570744045,38.51044415703762,Starch,6.753987873141904
0.7197063192377717,1.680823623112675,6.7178565356707844,Mixed,3.6152880382571957,8.368297749594317,21.366682096912083,Starch,6.322099269734516
0.8793787283953425,7.44324101443462,3.0959655064829885,Pure Culture,8.082731214258997,5.968924871298268,28.607494993815866,Acetate,4.383497299884555
0.7260903138402748,9.41423433979986,9.533203841378898,Sludge,2.007423343193773,6.913039536780894,33.915949553108895,Glucose,9.567864120175363
0.6546468826683773,2.2217141285737716,1.935049971918552,Pure Culture,4.203760364153674,5.580786051538642,29.160444233365176,Acetate,4.010392640079683
0.274939814262474,1.1317145399843862,4.607180609904718,Sludge,9.802556361761757,7.840440225686827,21.841905064658047,Acetate,3.5072459081262486
0.49417264244754683,7.540646168255561,9.464351241592189,Sludge,8.145907447312055,7.667417684057071,31.06758032253415,Glucose,7.286798770215987
0.4121618941453804,5.957494575209163,4.487409510798162,Pure Culture,5.475303372832194,5.844449884664545,32.83263817654709,Starch,4.516083876211512
0.39519171470326686,8.497373379203584,6.5659965028088125,Mixed,4.057997244056966,8.453603067428007,34.07584621981015,Acetate,7.650534030527361
0.9784084438019565,1.8278375779497502,4.277146780646546,Sludge,8.849221300202288,6.605224096878849,27.46519628925518,Acetate,3.8243451024133455
0.5144781797334084,8.055039462668958,3.1050444223123654,Sludge,5.903629831760641,6.170060364282968,31.273199420575246,Starch,5.021561711944489
0.9136372441416907,2.415459540453573,9.847787655618369,Sludge,7.825825160822,5.609318357858141,29.01372949877826,Starch,7.2094178768786685
0.7049109007978103,2.054731457224193,4.388673059992909,Mixed,7.786969122845476,6.06467205006215,33.441120775045064,Glucose,5.369256149993529
0.8358490428333187,2.060525080344433,8.993942434951776,Mixed,1.1615111071164264,5.088107684895268,31.67113934649637,Starch,8.686823314637504
0.6021096744841536,8.238459842198129,2.684568755965319,Pure Culture,2.136284045133521,7.333029969824462,30.515124391182695,Starch,5.736169970683408
0.6615231077010872,6.819373596613901,2.5244946882382915,Mixed,6.93666429755268,8.368922985375791,24.99048733676497,Starch,4.488421622019306
0.5940141550550911,5.469121535306634,0.7957737874028579,Pure Culture,2.454578301572843,7.195921797766568,20.04037035496468,Glucose,3.4454378491160194
0.35619439023843563,3.9088895991732735,6.690834841070908,Pure Culture,3.2994401019004425,5.877095847695503,23.481633506228587,Starch,5.868714872950127
0.7779616922092043,8.83340513772453,4.001000265375731,Mixed,9.519741587796464,5.134676712855491,22.341320828483372,Starch,3.35553474242662
0.4246178899526847,4.228228520515036,8.711403373476552,Pure Culture,6.041640325374207,5.858512293035211,28.981694900218933,Glucose,7.270606648092577
0.2194527731451631,8.257694674979982,4.995494113569793,Mixed,7.756565562994124,6.664485712284369,32.24516301523689,Starch,4.629378483675943
0.7163778367257343,4.671781631417075,9.697837565189857,Pure Culture,6.021826649043759,8.038445714799186,24.261700173696163,Starch,6.656601707382961
0.34168854352563915,4.080972079536622,2.262492399179651,Mixed,5.972622533044527,5.751371410151096,38.78114191934374,Glucose,4.336187259712394
0.9523668674823316,4.895457963861261,8.751920095578303,Mixed,1.8473671911312812,7.879165813418744,20.133642584477755,Acetate,8.511520566410368
0.9631428616020699,3.36308980455935,7.877670101521547,Pure Culture,4.092968733481928,8.467733873407536,35.44602030330686,Glucose,8.332090430298182
0.9318915121763589,7.602289111674386,7.823757524118494,Sludge,3.5418780881786054,6.815787392433428,32.504095390608846,Starch,8.202926644386224
0.49612696020435554,5.275843705878552,8.525440667110432,Pure Culture,4.516555290522519,8.285727966570374,27.471096020953638,Starch,7.380168040988211
0.21236529322309394,2.7060206038947645,7.72972791395849,Mixed,8.185097694018955,7.218629392140382,21.009778888248157,Starch,4.157847069341901
0.9426548500701804,9.0459584461084,6.449093055498446,Sludge,4.347394011251784,7.54836334832362,32.54973143568559,Glucose,7.101357429143151
0.5425473186538514,4.146966603045509,1.7468263379826818,Pure Culture,5.065271373085144,7.105113841352811,27.71227025731296,Starch,4.316685416335593
0.9733238552349357,5.663752180582891,0.8089987051668932,Pure Culture,4.576432514367848,6.852690867005367,38.725342788264385,Starch,3.868174894655647
0.9708959816714022,9.111485054163197,9.248054554249025,Pure Culture,1.8406717477776604,5.938613767103398,30.839801497795317,Glucose,9.246329116566335
0.882407564373888,6.430260961182925,6.358177987947012,Sludge,4.969649424257053,6.212776237844184,38.79303022587017,Acetate,6.922943872651648
0.4355591136556686,1.6105313867294586,8.067104264273675,Mixed,2.7604834574006354,6.159880475774436,24.409673869466083,Acetate,7.531018902679774
0.5080781828815402,9.428405174328013,5.074462339369226,Pure Culture,2.680509661957373,7.253155723815259,34.514518207282066,Starch,7.398783250830718
0.8809093372134855,6.463226504178469,1.6144277951427475,Pure Culture,1.8463249399083972,5.47981477209556,32.344980416974515,Glucose,5.202530914030568
0.45353760412502214,3.681603339242318,1.6892650259242292,Pure Culture,4.210038767275883,8.667166762809341,34.78816459662624,Starch,5.071866698913249
0.33559419734887397,1.823084690302179,7.012870228675228,Pure Culture,7.817336963104756,7.8826205811324535,24.293357279450735,Glucose,5.0323878788887
0.6454410099666801,8.043239298067812,4.587906001544896,Pure Culture,3.4879752152505645,6.605782523652774,33.299890324755474,Glucose,5.7422670813242425
0.9489238193286249,6.390691181320879,2.4049849036531987,Mixed,3.811141916969622,5.634496578105512,29.96080786113738,Acetate,5.79031548710032
0.7568238373399785,5.567880373775054,5.170148194043651,Mixed,6.784071919051812,8.527968678886543,34.856499498126325,Acetate,5.914019563182642
0.6560489360714921,8.991979538984097,1.1099849022137738,Pure Culture,2.76256731328227,8.29511236040466,26.540892883036356,Glucose,5.348071231962204
0.2777411950166149,7.991673506633042,6.028728318186788,Sludge,9.07262137381181,7.886886210868717,37.80114050930505,Starch,5.442511976167304
0.6920057813593359,1.940911357461136,3.0554373421334278,Mixed,5.68171470926399,6.08618818964497,21.68602629222701,Acetate,4.025244345695545
0.9920430800834106,3.4613596440577084,8.076811456053289,Sludge,5.028426462881953,6.609786549734675,36.143786375823765,Starch,7.690944620931282
0.31206721218921923,2.8606468282374244,3.448438609773951,Mixed,6.020381727362812,5.410993009809694,37.226392516301814,Acetate,5.234293918472635
0.6146637218909894,7.567489779440431,4.824591416277111,Pure Culture,2.494308820745759,5.756158098910127,36.345046227336425,Acetate,6.778676603366726
0.9018984575423643,0.8185581299899041,0.610395129126956,Mixed,6.521258247752587,8.13206654926693,30.254527885235518,Starch,3.565946874310696
0.7926148942033635,5.913952006277507,1.1882454340483093,Pure Culture,4.2679066297060935,7.860154875402735,28.767699600615227,Acetate,4.701655163509313
0.7576125927962145,7.7433575145365605,4.228688785863506,Mixed,9.07467706868157,7.373943051903739,39.92524573049754,Acetate,5.230773847455207
0.7619872671896875,8.82927354923662,5.059418929812673,Pure Culture,2.5196878600991752,8.582906903704691,24.583439024283244,Starch,5.844243956075049
0.48759292097580414,3.7497766128011207,6.200195207133385,Pure Culture,5.56345993478897,7.333066071252182,30.93751931752089,Acetate,6.762151887617898
0.4348734754115947,8.301944394384122,3.2707944977383807,Pure Culture,6.383013664321162,6.867871999854443,33.41351050764651,Acetate,4.210367085646492
0.847488924382811,1.5510015010744687,7.102327918202154,Pure Culture,1.3004524160774311,6.36148298522305,34.01735271722864,Acetate,8.771309884750524
0.8480907157433446,8.541296771477922,8.671162773297443,Sludge,4.273238122805262,8.76179402294469,24.080493314771573,Starch,8.378988931134414
0.893657854864083,1.7111422921538328,7.908584394486823,Pure Culture,7.593717112307496,5.330861846097414,33.07988184679603,Glucose,6.577516958165407
0.930592442045177,4.274229260323489,0.8763788408093929,Sludge,8.38339756704076,8.723549488243233,36.36739132962674,Starch,4.640269556585824
0.6090739190887502,8.074305974905759,5.064815998949375,Sludge,3.818457953355541,8.306858639724073,21.000371536422243,Glucose,5.876430484256706
0.6012130357497597,1.924215559813351,1.4968366949726613,Pure Culture,8.18733945144476,5.519719698142805,38.23042586650633,Acetate,3.352242756859517
0.8386361431734202,2.677888254710094,2.799427650694011,Sludge,9.7098028939305,7.259937430701014,20.59008110290412,Glucose,3.3693919692702434
0.7199711446222121,7.36139939973413,9.87329463603789,Mixed,8.711865424675846,8.466191926996348,27.11942064976789,Starch,6.733409145820325
0.7615735018061627,7.340347097187706,1.8537076575643756,Pure Culture,2.0587958934339268,7.2872366544286145,20.316263924659243,Starch,4.219197370596804
0.8366341355488809,6.590902512410325,5.239437457787883,Sludge,7.657572988769866,8.62879928624249,21.542903370791638,Acetate,4.768646933220085
0.912004273454053,7.0925102224374506,6.372479476022131,Pure Culture,3.8770014919649025,8.771935267264169,38.22336570360158,Glucose,8.632078183506955
0.47039612548122867,5.655882211802163,7.173417220168988,Pure Culture,9.895743904708688,6.6895380887372236,27.097216614922957,Acetate,5.599648266987178
0.5004663621119552,2.8920910596160514,5.816662493125684,Pure Culture,5.3682308484389845,6.509254645625294,28.49543060850106,Acetate,6.376024850147233
0.2751855518726952,3.784111938287235,0.5928230504822447,Sludge,2.1019050852304693,8.745284615876628,24.30688762765105,Starch,4.177608286897722
0.6626241127969392,2.225178309613544,3.601382428317923,Mixed,7.5266699322465165,7.700560244598672,31.941915403734395,Glucose,4.666958561783948
0.22875381903739367,9.13028033266947,5.418260612154759,Mixed,3.9071007854759245,5.464090725392677,31.896064293555792,Glucose,5.089435579284817
0.5724784145059681,6.042222050278144,1.3347317418759168,Sludge,9.973703413734956,5.169166996890725,27.444007836504383,Glucose,1.2543988342232213
0.6341157077660613,4.308088459254579,3.830955846487217,Pure Culture,9.818042120690697,7.2585162039890525,26.660697436107966,Glucose,4.478458582303574
0.42923300170262757,4.889055134619261,0.8154295335179824,Sludge,6.905206162185226,8.720683861753699,37.69928616361176,Acetate,3.2755687144261723
0.6726666084552086,9.499191726312246,1.2464957229726972,Sludge,2.168438040565458,8.376994809623273,27.665684792844026,Acetate,4.56057185566888
0.22440019995123955,1.9568383296027618,4.2707711239151624,Sludge,7.1817489790752616,7.703390985857346,29.870019843088166,Starch,5.260364350701326
0.22987855099937154,6.069183404159574,1.7607996634090735,Pure Culture,1.8372743781402447,5.55646339556435,25.666095248498614,Acetate,4.295879212623375
0.8580804485277267,5.305942449402427,5.891638058484802,Sludge,1.2642774319215309,6.016925534994782,35.735390067142546,Acetate,8.49394680770418
0.4881525131290103,6.3088152366291546,7.049917206804024,Pure Culture,8.406626015993375,8.502044906210465,27.948963137981835,Starch,6.160212279782823
0.30164841012150784,0.6720467462979849,8.105573641536287,Sludge,2.887776529153132,5.731228946627602,30.27222093088649,Starch,8.336031741214024
0.6177946080438435,8.78517713496944,2.4014273203256957,Mixed,4.411244135971876,6.113757633001738,25.067143401193228,Starch,4.248755615808474
0.8159948424788888,9.355123683594318,2.0910845314611626,Sludge,9.761116509785559,5.518402604781768,39.75319184682503,Acetate,4.180726756992637
0.3726568219974746,5.868765244097485,1.4933944831768025,Sludge,4.031564516749929,7.7044329256576445,25.829914818474457,Acetate,3.5971081451112066
0.6983123806552003,7.118182826830476,6.546087370664549,Mixed,3.6684080315498373,8.775929221452838,35.41485061811103,Starch,8.321008574282224
0.2682779719950144,9.26374412118431,7.211519401625561,Pure Culture,9.263871996604976,6.075872126381544,28.54991300713518,Starch,4.913323156422512
0.24134537693488617,7.218767025977287,0.8000683758435994,Pure Culture,1.996736007870623,6.901626431400295,24.1243481016828,Starch,3.5602968495665053
0.6250837052545184,1.9491209076854827,9.394016339315053,Sludge,7.836241691031686,7.537358958844817,35.99437527929722,Acetate,8.40047370357389
0.6325080972880852,5.974739421584725,0.9937271946889878,Mixed,9.892590099874965,8.997864992862523,26.672135780580863,Acetate,2.9526913098727454
0.7099439211985652,6.263792940637131,5.64231518536017,Pure Culture,9.11166409697184,5.419232259990288,37.30386694795622,Glucose,6.314067725214131
0.7808730669781292,4.529241377372667,7.236074934783706,Sludge,6.865011268357834,6.994283198022837,38.30514369835646,Acetate,8.22423514265032
0.9806816635700277,7.496220238434867,8.774206675587813,Mixed,3.826547154934588,6.54048047961,37.19647670782552,Acetate,9.510085869553492
0.6130402786409563,9.376486640305641,7.283825855258064,Pure Culture,3.2888978306048506,8.46328066088942,20.700158296136113,Acetate,6.048124958033481
0.4583651783529968,9.292900872614375,8.116416789163022,Pure Culture,8.37329594384315,6.903870924046624,35.74746690010211,Starch,7.782273120405349
0.8361489558149631,4.782974028339255,3.7247768291566574,Mixed,8.918397225565258,5.443910098340592,28.22678932998288,Acetate,4.22623319956031
0.4166658010096594,1.575761435487175,8.240838580591866,Mixed,5.728914212911236,7.537696581146335,37.474458403644505,Starch,7.607132778780857
0.5511771365645088,9.855991390142178,1.2610910406544138,Mixed,3.1990594670781953,8.08312247305552,32.75908525369478,Glucose,5.368756987217329
0.2627651050738128,8.469531821236373,9.000758232575013,Mixed,2.016488875700562,5.011525006662458,36.67286268287917,Glucose,8.256602936775433
0.22028059473236603,1.684295471431035,5.702127573460494,Sludge,1.7846152104864805,8.435826741682519,29.988635397336708,Starch,7.487247647495241
0.9701187317423401,9.247997884865036,8.26432881464369,Mixed,7.4716970261847,5.744092000022663,30.700510091978657,Starch,6.227484673525655
0.8687840964097646,8.764015439590219,4.797023702923851,Pure Culture,4.7810685506295245,7.208277458613511,22.887752642673345,Starch,4.985540114997598
0.7567793648749583,5.428961542697685,6.613988104366987,Pure Culture,9.148238868500833,6.6631900027498006,35.679747173787106,Acetate,6.423523166062144
0.527162355531416,6.117116639576828,5.500825278893076,Sludge,7.657041706540873,7.878615266442122,28.387792233339432,Glucose,5.825975660028224
0.33863545605667666,4.290525686766237,7.450100456675653,Pure Culture,2.7213437612312803,6.484646459142967,30.00160236543165,Starch,7.6393634229024485
0.3251496341368688,1.0202355688092977,1.275484829290601,Pure Culture,6.5239967693412915,8.479052706726844,35.701954281914155,Acetate,4.063584742345207
0.4001943185316763,3.6843737956360587,1.073344797910356,Mixed,4.919549089583434,7.921985443835161,31.97690800158878,Glucose,3.1056178683229043
0.6393813317648964,8.12710776168111,2.847480723096391,Pure Culture,6.1952475769175175,7.590852684251686,24.02197454885335,Acetate,3.89252859579485
0.77167673816005,0.5440042185437272,2.0156744610752892,Sludge,7.642622110046655,8.184962382251417,31.804653183017855,Glucose,4.416592321216021
0.728157901374185,3.6682421310658695,8.781943882625916,Mixed,8.255762929034116,8.016092139713528,28.152657159593115,Acetate,6.756870974636264
0.4239471175567543,4.282602589113962,2.582532879901421,Mixed,8.593635937660519,5.143754699686213,29.390510840877255,Glucose,3.008846406175718
0.9638922245305552,5.605258227910268,9.770719930281748,Sludge,3.2857738711482227,6.578937415379313,20.566225488053355,Glucose,7.950342881343089
0.7903175333566148,9.238628355921225,3.700510021825515,Mixed,1.2800403992562193,8.72322918926596,24.200586990325633,Acetate,6.102348345796222
0.6434832420091205,3.790286946476632,2.230120199042643,Mixed,7.653652616482958,5.502897075968905,25.620761627620567,Starch,3.0343451811194755
0.6893765969874819,3.7960554180141632,8.002135817853553,Sludge,1.9570935363019712,7.948386201728205,34.25920015717612,Glucose,8.844691090613193
0.535680049942232,7.50626185704261,6.757723867258323,Mixed,3.834276297516709,8.89836724534132,20.229849465962307,Starch,7.1814262568084
0.398184791600926,4.796070438453168,5.23285930630482,Sludge,1.0343542071191243,5.2087945161798865,28.175545224582642,Acetate,5.380775225799789
0.4847781429210093,2.6337458179298285,5.775953733907497,Sludge,7.135025341614581,7.728775522506442,38.48053740851466,Starch,6.256179331173397
0.8062768883714952,4.798175403260587,7.332416893586506,Pure Culture,2.5041881032409914,6.872616565204122,22.237612330982476,Starch,6.7231299608986115
0.2115147909038047,1.8381416936080988,2.670320042647338,Pure Culture,6.897541687224924,7.316701021498888,30.32848776437222,Starch,4.040853628633441
0.292858112405533,2.1756763718091214,9.965172202539048,Mixed,9.925683554510549,5.3413653459373,35.730447647816945,Starch,6.919057751751503
0.23680211361740222,5.234493841025057,9.76053504039444,Mixed,1.6540378444901465,5.172027807467758,38.850626150402334,Starch,10.304062585052598
0.23258304185517611,4.479791770293206,6.678094020295901,Sludge,1.6937021075631462,7.667466642203687,34.93553279067436,Glucose,9.019620443020218
0.8843684672088059,9.191036060146951,2.3956532838268787,Mixed,4.063420834000074,8.293237719282871,34.411310972888124,Glucose,5.3995320788406085
0.762926287504019,3.942742041608015,6.962168303097267,Sludge,8.797478628262079,8.128061339731868,36.52976180391525,Glucose,6.731020073927939
0.5793390632698602,6.015589327641413,1.1858848853021704,Sludge,2.9397688191219866,7.1752229114649495,28.924024419550875,Acetate,4.600082280240633
0.2782673285208012,6.506510735235539,0.7911987709551576,Mixed,4.243400379373128,5.399467284544713,36.11689065235666,Starch,3.6378687824582223
0.5932927000934659,0.6243973375891696,2.94798744085653,Sludge,1.6165486596428162,7.752177775344055,20.159288094909023,Glucose,5.344218665188718
0.5787774166244526,6.803605034158751,4.894918089023505,Pure Culture,7.868397621330004,5.967555534216584,38.4912211075361,Acetate,5.472841224626768
0.33856149592801216,2.1913416852626386,8.748588801379615,Mixed,4.6747570848350595,8.644274811069534,28.866130190343505,Glucose,7.324367027929468
0.5470813193903785,9.630168015959823,7.4081061627799265,Pure Culture,7.833238597547585,8.35306143818282,31.067603757314952,Glucose,6.429335068872778
0.5188037875178988,1.9122959136545732,7.55571195139982,Mixed,9.132470599121156,7.837531868349563,25.097644978297645,Starch,5.031591411107234
0.6926800784417733,4.4389291754067255,4.542186677256716,Sludge,3.094868323911599,8.79538382332452,34.85061665680843,Acetate,7.659238749263672
0.708074920694115,1.3108218467471167,3.7863824291961476,Mixed,8.266564273059561,5.125687286045092,21.532716129504976,Starch,4.108870566951849
0.23624320781763564,9.970305392536499,4.024868248353726,Pure Culture,1.5318450107042794,7.9448017002430475,37.4527160509367,Starch,7.198516819309237
0.499690091701177,5.270852598146805,9.882670855492549,Sludge,9.089626493622227,6.320971117345621,36.56233658012685,Glucose,7.590265818528996
0.7006879325713891,6.156157664540416,0.8810373184185836,Mixed,6.856916928028726,8.62426354274546,24.321202324895328,Starch,3.1771842513335034
0.6025090068640702,1.137226535190061,8.73679921316326,Mixed,8.868040517245163,6.06670078664791,36.18648796570525,Acetate,7.613100625268602
0.8851918729506578,7.624624468792189,5.997416381437738,Mixed,1.001695596009237,7.899425997260068,35.72715466122963,Starch,9.139303177650193
0.726954905295156,2.4941031344080646,4.66684648230111,Pure Culture,2.5217296332039325,8.510588078603126,32.64433195507898,Starch,7.067192302379908
0.3303475416651438,9.03151574968678,7.389947773943796,Pure Culture,4.507834486838428,5.16662727353073,27.47040353799375,Starch,6.513562346447552
0.2564549979203439,2.448826584579068,5.123354943534677,Mixed,4.415526130372467,6.590590318368145,25.42997508363736,Glucose,5.629622406617778
0.7139354225650525,2.3115333463048326,8.797520761775775,Sludge,3.040573446311596,8.049236128087754,24.635671805787,Acetate,7.562307362967336
0.22120904843329747,0.8472218445569013,9.056667708106955,Sludge,4.4345074588048,6.819675558030348,26.372179255272144,Glucose,7.982406011002188
0.6686204650187706,4.9846359785449925,4.506348805297827,Pure Culture,2.1596384080022935,6.069010519174381,38.0711688686506,Glucose,8.028514188576793
0.9521841931399662,5.865990765994856,3.12986407373299,Sludge,4.714850163394234,5.87922139529276,21.552815519775624,Glucose,4.825866225816041
0.6603793423007032,1.1242320745693475,6.127328121636941,Pure Culture,8.221188962433377,5.526073067665512,36.57742552505917,Glucose,5.265771056160762
0.5105359409652175,7.867512358602601,9.167451783358564,Mixed,5.311630567930161,8.428518239425129,26.97780150083647,Glucose,6.7971490443316425
0.7146305747538826,4.8062439301062625,2.5012907955538326,Pure Culture,1.1620008005069349,7.301421613006224,30.431987920227165,Acetate,6.33159206881087
0.5666023123932133,5.48170755861201,6.418182543853087,Pure Culture,4.792996374213226,5.305539779965824,35.889712672969814,Starch,6.49445870838625
0.636493431452748,4.687246095913167,6.499822090878945,Mixed,1.2445751448175975,6.530321294282542,37.687530940459425,Glucose,8.604117277120336
0.9531718470212203,4.307249078315596,7.464573712945169,Sludge,9.696190696361183,6.47093460322044,26.89562840145294,Glucose,6.337291245974362
0.5088821102406194,5.81658314742807,1.7498930087089681,Pure Culture,2.147085634805821,5.726956762837852,29.23686962550221,Acetate,4.3785272290238195
0.9689524510591314,1.974782336341769,7.300337164479841,Pure Culture,7.3691949369755685,6.742030501888763,28.290321296335847,Acetate,6.203232963801413
0.9242805135648511,2.228317239705076,9.13580894632359,Mixed,9.754986906028773,6.328397461572546,20.26502067007821,Starch,5.811375857821533
0.3566329078314372,8.686963399628414,2.206989534267299,Sludge,8.434351464999146,6.36721482196873,25.91885777717313,Acetate,2.0750695760189997
0.2554890407001324,9.48809689026951,2.7566615867768376,Pure Culture,7.293838376135833,7.956106231151835,29.183784674651235,Starch,3.5252421288003277
0.28062240110194137,4.046438504657653,9.728253393395576,Mixed,8.555148185506901,5.893053542020786,28.221872177608795,Glucose,6.535306839967942
0.2145774605212398,3.072074394863761,2.219281050740153,Pure Culture,9.836188239345649,7.567439835421421,34.43858455031359,Glucose,3.1375650096901415
0.27555436860474275,6.617995660770649,8.616658387011002,Mixed,6.592100475281766,7.2825984955237395,27.696072344422063,Starch,7.081473356251332
0.7464054187330855,4.382974625431916,5.176639636256331,Sludge,6.032663261463938,7.272370049351469,29.787528979413405,Acetate,7.191861889706721
0.2569509187681832,0.7411703787732762,2.848695206830182,Sludge,6.654142994169533,7.652029384567104,28.592171842647268,Starch,4.072857671065988
0.45518050423500905,1.9834496749788084,8.772124062088858,Sludge,5.794082980853995,7.193528144782616,34.81252297788741,Acetate,7.511083493902498
0.8759002487755636,7.301736174050276,4.730399922525322,Sludge,6.715801953187469,8.517020459385538,37.25944797973925,Glucose,7.189648641556687
0.2186175485886607,6.759777448146438,5.390764862332057,Pure Culture,5.0485798717530335,7.70232036780104,30.637781580150282,Acetate,5.165535502426174
0.8515747860711487,0.7574119287830932,3.912717009297774,Pure Culture,2.965988645949764,7.187853005485552,35.78864388390382,Starch,6.069802643693816
0.42548381981871997,2.6087355383630197,6.1330330886318105,Sludge,2.0822250386050807,8.31905248115058,25.93573364039701,Starch,6.742068229535312
0.294531862097325,2.6952105675866784,2.0534767895577164,Sludge,1.6150684197903435,7.424586259733919,30.827392203145372,Glucose,5.204056470521124
0.7573897322913206,6.88298106418792,4.215274598191726,Sludge,3.3698420537788008,6.1645769911407164,26.90459907339945,Acetate,5.316435406104763
0.7031542774239072,0.6872501086664595,9.709417062185231,Pure Culture,1.4151120790216045,5.828379672706285,28.284018511436607,Acetate,8.971019952798667
0.9019776108216424,1.4890315288534515,2.9522676106607117,Sludge,6.104537019274471,5.609311142650715,34.64827729625337,Acetate,5.090415697733982
0.7880568350431087,8.099202811045298,6.738998313142276,Sludge,3.5544560232116824,8.597820850184407,37.63324964665425,Glucose,8.950976719981997
0.8427847443078789,2.1961742895161693,3.5893056101346015,Sludge,8.420813272783288,7.840541727192264,22.429907821755307,Acetate,3.799329883214492
0.4256276580570452,6.70108802459281,7.847994694022706,Mixed,1.668167856895478,8.749513752657283,32.69278512974761,Starch,8.502257256047013
0.34195163502377823,2.762736419943902,1.7432997768243235,Sludge,3.0371634490733737,7.413167222859772,31.64287615155597,Acetate,5.38830591465643
0.8004918013126867,1.444693231213779,9.713299928246174,Mixed,7.572215323811313,6.89360352597965,22.368300783518638,Glucose,6.432071853712571
0.8454677914138113,2.8101358144948136,4.811000643144573,Mixed,6.3892746674514225,5.238865955883558,24.23788660880218,Acetate,3.820352633681178
0.9924041136005386,7.361535852628762,2.7424794017914076,Sludge,1.5804214412425077,7.68656912618412,26.220049894653606,Acetate,6.453333383057838
0.5300941415291411,8.629116447009714,1.1982190996351203,Mixed,8.895155114459804,7.328835039072924,23.33862141635003,Starch,2.725194100558006
0.49761446863422654,8.38708871338642,2.1127000983316373,Sludge,8.895355865435615,8.960835574350487,24.874589650486836,Acetate,2.6693117482592434
0.8211303685935976,4.273243531375321,5.437852511282168,Pure Culture,3.9736720348819645,5.956635111128972,25.35201597723415,Starch,5.71070813309012
0.4726428322024143,6.846808797421138,3.70153017609722,Pure Culture,4.0636525901460825,7.122949421147343,26.713476660781193,Starch,4.64725735440934
0.9446058604828518,2.447350806450299,8.374391975884791,Pure Culture,9.901255225151566,7.6038293404722905,34.98780905602318,Glucose,7.155362991262551
0.8867302014744094,3.2849034374796258,4.593431474787156,Pure Culture,6.635585544338244,7.5783646989693745,31.438244077012016,Starch,6.54094622845075
0.5431952219000147,9.015190275950637,2.862785589582484,Mixed,5.781848685112532,7.245174171793611,39.72493343902803,Starch,5.904363444336581
0.800696854233198,0.6235182733519924,6.362877372738286,Sludge,8.543369651967321,8.107712041308902,28.29471653934942,Glucose,6.227861657653744
0.8036342992677459,1.3123310431174469,7.2143835604117355,Sludge,3.5676130452158477,5.819924838107266,35.0773014767385,Starch,8.261394587196119
0.2824990950687461,2.4749194238872594,2.0868981250590237,Sludge,4.862643340567212,7.902508801097664,37.429368427530676,Glucose,5.134034365107398
0.9220423253436534,0.7520559368012874,2.092382554739018,Pure Culture,3.4099900793950075,7.478938285732356,33.57956986076084,Acetate,6.156242976004143
0.6042018979582857,2.2236366333530744,0.8483785558686583,Pure Culture,8.102447619298584,8.584300447178293,28.23729480834992,Glucose,3.3899213622384337
0.8611659728861933,6.038894829212076,7.495819143123585,Sludge,6.160144110716962,8.388777756134328,35.07189261491506,Starch,8.493466786950599
0.4560396808244894,4.50353323062873,6.806143012407149,Pure Culture,6.929425631260635,6.260588156530213,24.073342755453698,Glucose,5.11875299775551
0.9164185827969604,8.980381255231261,5.008993319623232,Sludge,3.270765248554659,6.104949299900612,26.551043303602647,Starch,5.2634403220504815
0.5113613429873305,8.26571383651519,8.519619265207373,Sludge,2.982027712395836,8.92661329540979,30.933705101985776,Acetate,9.175609069991875
0.2086701211842387,3.7472648411298217,8.153866453025504,Sludge,5.395371660846449,7.109060723661026,31.508187745722967,Glucose,7.37277350481374
0.9243055811354111,2.9645226175972788,6.0608664617691455,Sludge,7.638091741835441,8.625683855657748,20.44282950945259,Acetate,5.09984684515846
0.2730293414289069,4.1070778775890355,8.748577164875957,Sludge,5.727157817681442,5.655524095121929,38.902283775120175,Starch,7.77582150065933
0.4554509100723319,6.107801953890673,2.4554914953492983,Sludge,1.2938110979110173,7.571275659200698,33.9325454243478,Starch,7.388815983585188
0.960049573640644,3.0466045878173245,1.5632363842784147,Sludge,8.816963556882598,8.239440749442345,29.914075004637823,Acetate,3.2227671080720595
0.960485717550045,6.429414624566773,3.0626213094114014,Pure Culture,1.5821820416361843,8.789580998345787,38.662544688166165,Glucose,7.022563631327488
0.658750310498629,4.389410695816784,1.042325132848491,Sludge,9.602420353486771,6.349360564068094,28.78191130501657,Glucose,2.3581420688390695
0.7054697697358394,5.744448218093813,5.546110516009804,Sludge,1.2262776244954545,7.89992467969621,39.60871140540743,Starch,9.100649301911403
0.5587564175826558,4.6432020267855085,9.397754076802133,Pure Culture,7.250054105176379,7.155252036158476,30.2456951448697,Acetate,8.565686855897557
0.43456861735845165,3.297424715648218,0.8737636363508416,Pure Culture,1.7398635734060348,5.242515704265873,22.28571539995959,Acetate,3.868334802584291
0.4629316362959328,9.510306416140489,1.6600441830952546,Pure Culture,9.196089214916256,7.759998949235774,35.29601944918554,Glucose,2.887937998885491
0.7380147648616309,7.754255044517728,4.795890768692635,Sludge,5.179899126029885,7.760386232951374,33.57795450155681,Glucose,7.329692290531512
0.8018996235501441,1.8310751697812993,9.371812666515098,Mixed,2.2377139733531384,8.722427219386148,35.45973442611174,Glucose,9.936836377041578
0.8332632349806788,8.750445771030172,3.50348299727913,Mixed,4.067341298108619,6.98924978467589,39.02884057451362,Acetate,6.080028995630578
0.8316945142356431,5.13059638337038,5.318730682539728,Pure Culture,2.4834220781208582,5.921003682842059,35.52978605302036,Glucose,6.777177442542892
0.27296488243895234,8.998246155493868,0.8949421609787249,Mixed,2.5352372040138103,5.178255293794717,32.226732044332934,Glucose,4.581760448096347
0.5955362437620653,8.098624931499494,1.9092604091398442,Pure Culture,9.53297488154298,6.662568746743623,37.14617804721682,Starch,3.737712982280294
0.24604700801331544,4.539528292457717,9.872986168109046,Sludge,5.007215010563094,6.207666800310007,33.46492878709063,Glucose,8.391730114540236
0.6396231058589885,0.7134584290411152,9.668627616142432,Mixed,8.099220375148235,8.044353224095502,28.162381136518462,Glucose,7.984606498220849
0.5532244010987016,3.0524349141569878,0.5469298188768914,Sludge,6.7564500505991365,6.417071059364186,37.712395284835466,Acetate,3.342685859739228
0.9101633462066399,5.645525039278236,9.54221196152077,Mixed,7.0878372610455305,8.796284785259376,24.438009215687458,Acetate,8.259020672169484
0.480732010041663,6.518043088348399,6.571639409247253,Sludge,2.1852409462483466,8.849240811951137,34.29282549817448,Starch,7.9543850795932824
0.2936536131420847,2.9499330116154217,8.74522379794021,Mixed,3.1076600213393712,7.483634360870832,37.63126909881514,Glucose,10.017094252093818
0.31439334564226873,1.8238827036918293,4.820028628521661,Sludge,8.080753016389933,8.714641148059531,34.626330394065924,Starch,5.742233862872734
0.8092085053739779,8.431837249593341,5.398162271502877,Sludge,9.736895858273046,8.043417378057983,33.94550838107714,Acetate,4.968494231399829
0.6945744506530089,9.851820716683745,5.144042512440742,Mixed,3.3640807833878656,7.187438563900505,35.05276588143672,Starch,6.048511840989952
0.28089814089823223,5.494056731875515,6.8352104466879915,Sludge,3.4441188827593585,5.7212317416911125,29.301104966012886,Acetate,7.087907277313792
0.26728544489199796,2.1309532155588835,1.8266869201849727,Sludge,5.256074195298144,6.83439177405536,37.48341364314052,Starch,4.478479138546674
0.7607753051672961,3.086919601934005,0.7847491037904406,Sludge,9.85456281569894,7.243497853450471,24.068729502721823,Starch,1.8224156250207342
0.25821040509135484,0.674711427200934,3.425334445116314,Mixed,3.4206305124382395,8.45584632294004,22.547728320006787,Glucose,5.222086494075509
0.857488047432285,9.185838662324741,7.194467245998144,Mixed,4.6627471867083745,6.9253335061426595,25.71017560237023,Starch,7.345691079523271
0.764993781725197,1.6186352874563408,2.4176077951680095,Sludge,9.023320140611562,8.590698690711827,30.631547935499864,Glucose,4.506952582807691
0.26507902451351983,5.976906517385409,6.8976081165867145,Sludge,1.026289293592258,7.697395916093876,30.21123590818676,Glucose,7.326162609672481
0.26787017126815355,3.103524596528457,9.714164438019068,Mixed,1.357893684897126,5.547996252214686,36.41197515353173,Glucose,10.127754391163325
0.9893116628009404,5.7646910239000375,1.3920567999994746,Mixed,6.436645093640973,8.979925477300371,28.09137312808035,Glucose,3.872083942332233
0.49941663660489627,6.68849368934271,6.8897201231387,Sludge,9.166421482415624,7.1089306430156505,29.686888525830174,Starch,4.3568169399406145
0.49651371765351276,8.382547135218417,4.715627083393426,Sludge,3.149709943617349,6.5674331856363155,20.267353665187912,Acetate,4.5611133629503495
0.8502396538060022,2.4610020817257308,8.747351416586302,Sludge,5.226775972126381,7.636455057878106,28.19478472885878,Acetate,7.941616670227821
0.957798861907087,0.6044603722555646,2.1829229997501662,Pure Culture,5.0541877149203644,5.435573255924156,32.95548465900684,Acetate,4.23470026896959
0.9888008510582968,1.800413485653669,7.079946546148563,Mixed,5.256742114859591,7.546154587013417,20.310166612531845,Starch,6.250216663530889
0.8027025482071533,9.050177097556999,8.462095251657047,Pure Culture,6.602677261567707,6.992944001997092,25.617639303724875,Glucose,7.02188546046043
0.5010076684247327,8.801955736843896,9.473835085003222,Mixed,5.2276938669161535,6.6266962799943325,24.1591271857878,Acetate,7.219974790189554
0.26680057335893503,6.175424470617929,6.990856268751635,Mixed,5.02721327190212,8.812080084715596,20.839708578191765,Starch,5.799914317326268
0.8217175327419495,6.204910174119707,5.22316025808006,Mixed,5.268595783881345,7.090158866928213,29.58520179829075,Glucose,5.439579341789791
0.6467233997886441,6.817848408189427,6.369548781911531,Mixed,6.317806971439373,5.876469917879754,23.63446586456313,Acetate,5.356523493494799
0.5393776073975811,2.166027146922771,8.754597352547822,Mixed,5.833067395162225,6.835853917509194,34.8616307926276,Glucose,6.87973571261554
0.9250835080757889,9.186913486287118,5.920792593068882,Mixed,8.687223978854538,8.67754961829069,36.958557675266974,Acetate,6.182662579663836
0.2889579858449211,4.478319986474695,0.7886770671199501,Mixed,1.4454716814429995,5.704381885322379,30.911703653382958,Acetate,3.9600181056754034
0.5941000834326873,4.139816018370226,9.344012607316289,Pure Culture,8.499853643257111,5.855828154752947,39.63414685042283,Acetate,7.612222167665577
0.20908291581393526,5.429718200186956,7.050504134799831,Sludge,8.595321513505517,5.052118271028335,29.009571429411906,Glucose,4.918637843491632
0.5749285135953011,0.9461766843630229,6.926877164883842,Sludge,3.5641721937786475,5.056760197583069,30.26736420449831,Starch,7.3721965323678855
0.24504262054546988,2.079692003182754,2.5489139477783134,Pure Culture,5.165667595142656,8.31756650783405,39.784355079155006,Glucose,6.354478239889847
0.29505433301445755,7.511319356050519,6.7594119672102435,Pure Culture,4.94684639683692,7.928490427371823,24.630968719300977,Acetate,5.621601068251591
0.2940209974216839,1.2865873452887016,4.241711853714506,Pure Culture,2.9665885091871727,6.420164225807833,38.850918793538106,Glucose,7.63163720918884
0.7193682416928509,6.229945039930688,6.686713281894175,Pure Culture,4.5711716237768485,7.793244628910291,20.856751102382265,Starch,5.802175983427883
0.7968359034123387,2.830816541972549,1.5126337879259117,Mixed,1.3994899495376898,6.580823705239881,28.927737805263895,Glucose,5.269140544867431
0.6666950120777277,4.198308333398777,6.7495303937288424,Sludge,3.50039865503561,8.81158718399131,21.400070242661315,Starch,7.015757565654473
0.9697380387796335,3.242590499321649,9.994430394821332,Mixed,8.350139579056464,8.86821072570414,34.58469485827286,Starch,9.7223667619768
0.4998964636189633,3.878890806417017,0.9580143691752823,Sludge,3.561060715866078,6.5711751032373735,32.168178717600355,Glucose,4.070517864249167
0.4285696690254886,7.330936099250332,9.783154750102515,Sludge,8.36386001873423,8.416887625363472,34.132685269351924,Acetate,6.923552150170241
0.8948793025515682,3.3226562984201626,4.365625626867271,Pure Culture,5.784395181439878,8.092356166789864,27.489607999360338,Starch,6.2760194694334235
0.37887667081556214,5.8808440828205235,8.772157778203962,Mixed,8.91876409625044,6.239999748687158,27.389638680627606,Glucose,5.5838280352817735
0.970578031552489,5.022478820891447,7.932662098553598,Pure Culture,6.173015988379737,5.928159315604423,20.906385579217893,Starch,5.986364808759747
0.20972357975185307,6.8048760709451575,5.886654479373344,Mixed,1.2670140075826584,6.832938601571335,26.998898790592797,Acetate,6.238604673623817
0.9759030613661113,9.399882523585202,7.515267487887602,Sludge,7.078781867923803,8.125395362457624,38.58576804524119,Glucose,7.719025623150733
0.2345279295604609,7.459434923497378,8.845897832362805,Pure Culture,1.403682112212118,8.840671138914981,27.58453074360898,Glucose,8.295858160207311
0.912914490958457,2.541933596612189,4.339333055684813,Pure Culture,5.055373170848206,8.05431627546629,36.6273541244394,Glucose,6.995205745139294
0.6221608872690398,0.7962397830822043,3.6068150348507677,Sludge,9.364840250258027,8.42082794007348,36.84651009499868,Acetate,4.900896564538761
0.9943718368954404,2.9915084208483385,6.842137162854055,Sludge,2.4868354540406514,7.412257224682066,27.464823127584676,Starch,7.358921592118726
0.2590372517883191,6.153240341652421,8.174536448441955,Sludge,4.508851176473897,8.341631323368503,32.63977360792378,Glucose,8.372082286505007
0.6430834275210566,0.9885452281003784,7.7417087803778495,Pure Culture,7.568742779636306,8.13768343201367,21.90743204546117,Starch,6.060476564601029
0.9754420284952792,5.215479348411745,8.079229664157028,Mixed,8.940327004853629,6.507942167705121,22.07357161468553,Starch,4.723791823206199
0.6184782753361191,6.170007064710448,4.6380414907228635,Pure Culture,7.038487042682571,7.207961208482884,20.973153273234267,Acetate,4.70101647888771
0.70351891050821,3.6753169627611277,8.269425053662705,Mixed,3.323559287720523,8.219012487958778,31.62030186750219,Glucose,8.598726495190055
0.7565989511876938,7.823665935585308,1.6419860260207801,Pure Culture,7.071470676245945,5.184226936759826,28.52141955252194,Starch,3.8891845574866926
0.5636328518142186,1.5126834047708322,5.67264643062807,Pure Culture,3.67054876993681,8.23231712942332,30.9606471332848,Glucose,6.990551718168834
0.7020464640672508,1.2138089264901832,0.5547072747321549,Sludge,7.465863068368617,5.711552496196093,30.421463810167758,Glucose,2.38783409308149
0.6674514495384802,7.417793183934232,3.5835653840525676,Mixed,9.586298148265366,7.058734468485756,27.004059821814607,Acetate,3.4598596164051525
0.9209264083927913,5.207167503958885,3.98138458127828,Pure Culture,7.4925410599565945,8.23310175822375,33.549468296469456,Glucose,5.883197946098451
0.2363571042731663,7.039822766063493,4.263640570287926,Pure Culture,8.765924526211712,6.015284312626779,35.17003761832781,Glucose,4.025820705206687
0.4247705516737843,4.630859716735589,7.106938463553691,Sludge,1.0189345885829506,5.983229757224612,20.292565177553513,Starch,6.593359372187483
0.9603291872612469,2.8408193157715145,4.191301962068284,Sludge,7.4581491225843495,6.611057593849008,24.144845995377565,Acetate,4.252321422375859
0.912211027112733,8.281472017904896,4.762589414914041,Mixed,8.466288011787253,8.578571190310537,34.26471736166674,Glucose,5.138677294731877
0.5645254022285704,8.094450850205302,2.756669243306111,Pure Culture,1.3650286379021328,5.0017711257488315,27.732403452676685,Starch,4.815879210168419
0.6961060782412294,7.099616473117054,4.045892020478731,Mixed,8.844379545594077,8.60553238656774,33.24967893883216,Acetate,5.058866476252985
0.42190494638490617,3.0853788036846455,2.659061458999939,Pure Culture,3.3102480547904127,5.615228098566432,26.93925319469117,Acetate,5.092190083179678
0.3504969277790091,6.107191335256328,1.1953612758002146,Mixed,6.987628917802497,8.960345504269927,27.815103046592743,Starch,3.5139424026510633
0.5709587239519858,3.9292520209302544,6.23276163712309,Sludge,8.20319391121066,8.819387972153873,23.1735774737937,Starch,5.170494336485571
0.48268178242084225,1.3700296966030243,6.848021586272655,Pure Culture,6.963980617534199,6.978700758365133,25.1646203933232,Starch,5.217528837841933
0.6669248894806976,9.214478966891306,6.385158287091338,Mixed,1.8305631286593151,7.050880991250512,32.10823515015174,Starch,8.345530035657827
0.2621877095719879,1.7997769937301333,4.903193416105437,Sludge,6.366893669743315,6.9261973611034175,28.663262226303328,Starch,5.219597219611752
0.9795158461329332,9.527254861297623,4.107964911702683,Sludge,5.946252910499292,7.541774582638091,35.486053658891905,Glucose,5.757314660265089
0.9889685955836824,4.737054843100579,8.70166967093234,Mixed,9.102891412668443,5.362886808939724,37.05169909876685,Glucose,7.638213789139664
