Applied Voltage (V),Current Density (mA/cmÂ²),Substrate Concentration (g COD/L),Inoculum Type,HRT (d),pH,Temperature (Â°C),Substrate Type,Hydrogen Production Rate (HPR) (m³ H?/m³·d)
0.499632095,7.132536283,2.258762824,Pure Culture,5.950827464,6.616958919,20.65235897,Glucose,3.509508114
0.960571445,5.59291548,5.648059,Pure Culture,4.497875188,6.284324388,21.15405857,Acetate,5.056257757
0.785595153,3.440512355,8.792985441,Sludge,2.473154213,7.999403058,28.88730698,Acetate,9.143063629
0.678926787,8.231052687,7.456136421,Sludge,3.464121768,6.650701304,25.51095878,Acetate,7.17014395
0.324814912,7.004946139,8.162330905,Pure Culture,9.354857796,7.5843847,32.44079125,Acetate,5.9755202
0.324795616,2.044860924,6.758441984,Sludge,7.08384048,7.58580036,39.84884579,Glucose,6.932839249
0.24646689,9.153808253,7.076627363,Sludge,5.464430548,8.552156257,27.72646346,Glucose,7.346163097
0.892940917,8.314103808,8.56735869,Pure Culture,1.11443401,7.394769609,31.47682508,Starch,9.359260558
0.680892009,9.523099176,2.871846084,Sludge,9.931738604,7.00861444,28.31207792,Acetate,2.88268174
0.766458062,7.39433533,5.149537155,Mixed,7.043094414,5.555485306,36.94543335,Starch,5.278300458
0.216467595,6.327444361,2.601489697,Mixed,3.852302296,5.462950427,38.04472807,Glucose,5.467993265
0.975927882,4.473308845,9.882846076,Mixed,8.91341794,5.617286261,37.54711224,Glucose,8.024231062
0.865954113,9.360920592,9.468563727,Mixed,3.325884583,5.687393925,39.48744477,Starch,9.863013389
0.369871289,8.72760695,0.874554708,Pure Culture,5.896149213,7.551508371,20.5503837,Acetate,1.798557296
0.345459974,0.929577366,7.202964139,Pure Culture,6.724636874,7.963925001,36.79632324,Acetate,6.546746084
0.346723608,0.750486258,9.289859015,Pure Culture,2.989570343,7.119966092,35.03544346,Acetate,9.526414455
0.443393794,4.076401985,2.215465779,Mixed,9.805575509,8.31607093,24.57388819,Acetate,2.8070491
0.619805145,8.200256642,5.89547969,Mixed,7.733727154,8.965052907,39.12640187,Starch,7.095817009
0.545556015,9.879123228,9.197138827,Sludge,6.02031903,8.280050516,22.96355856,Starch,6.69994096
0.432983312,1.928960465,0.822486797,Sludge,2.625351384,7.779529495,33.59099854,Glucose,4.394536787
0.689482316,6.144241796,7.125492539,Mixed,1.484723863,7.129970798,24.49780434,Acetate,8.040318885
0.311595089,4.118463138,3.32481557,Mixed,3.880538493,6.795412287,28.62761298,Acetate,5.48855489
0.433715719,9.714186779,9.281763856,Mixed,7.778686023,5.337569522,34.38319794,Acetate,6.615922651
0.493089475,8.50012977,9.725053329,Mixed,3.423981685,6.597474994,31.26649284,Starch,8.036262774
0.564855987,8.464122695,9.470531647,Sludge,5.856005984,8.640538547,28.55003663,Acetate,7.959163705
0.828140769,4.952585018,5.005035058,Mixed,7.551524591,8.23209052,26.52676862,Starch,4.798993506
0.359739026,4.440785272,8.689405184,Sludge,1.971493432,5.86420546,36.79319311,Acetate,8.483117747
0.611387551,3.097367183,8.523219286,Mixed,7.167682145,6.866431139,22.87628701,Acetate,5.635640845
0.673931655,1.035567218,3.531454496,Mixed,1.826837989,8.26689281,28.60205753,Glucose,6.036188566
0.23716033,8.714862574,8.374697004,Mixed,9.686167679,5.269538219,38.07515144,Acetate,5.755301879
0.686035882,8.222559587,0.85157253,Sludge,5.395547171,6.549570343,36.91699101,Acetate,3.809863537
0.336419299,9.997317896,6.164563846,Sludge,2.356084969,8.407364947,28.01883525,Glucose,7.277144309
0.252041274,9.968049952,2.685083954,Pure Culture,4.081452724,6.615591457,35.26216727,Starch,5.141475081
0.95910843,5.776601203,1.645385415,Mixed,4.720748044,5.310458579,36.46321661,Starch,5.124607756
0.972505626,7.805380444,1.231055415,Pure Culture,7.8236651,7.170137474,37.77774848,Acetate,3.433718304
0.846717878,9.475274434,7.114743371,Pure Culture,7.690814075,8.44696998,30.89011538,Starch,6.710847605
0.443691015,8.571650211,3.728812156,Sludge,6.507464548,7.361142172,24.08921772,Acetate,5.186088503
0.278137691,2.849806967,7.38528433,Sludge,1.953376413,5.905116433,25.10618153,Glucose,6.834644591
0.747386421,4.780169285,1.120885238,Pure Culture,2.364124344,6.536958481,25.91389348,Glucose,4.76027
0.552121995,1.727014444,3.495258209,Mixed,1.843812286,6.800493445,31.87604962,Acetate,6.59189009
0.297630588,9.563484759,5.625167278,Sludge,6.19455505,7.317065415,20.65619248,Glucose,5.15395323
0.596141528,6.258659027,8.011870066,Mixed,8.894245974,8.037404103,32.72084938,Glucose,6.777471065
0.227510817,2.672106652,3.528148778,Mixed,4.90420461,5.395494471,27.28708477,Acetate,4.565672022
0.927456322,6.881156502,6.445968076,Pure Culture,2.447633566,8.558608132,25.90483605,Acetate,7.882371067
0.407023985,6.372218284,8.916788608,Pure Culture,6.022380926,5.049238812,37.58993141,Glucose,8.063863132
0.730017827,3.902545821,6.350700288,Pure Culture,8.305769952,6.480209339,29.20004791,Starch,4.924970992
0.449368861,1.578797126,2.71311501,Pure Culture,7.675408554,5.10968124,21.90106091,Starch,1.771780125
0.616054417,6.879945358,0.731807425,Sludge,8.933057017,6.571896901,36.53493536,Acetate,2.369911285
0.637368223,5.442923159,8.765939302,Sludge,3.501118875,7.103250395,20.95282515,Acetate,7.223381165
0.347883564,7.837024721,0.702059403,Pure Culture,2.745584805,7.046725546,34.53498448,Starch,4.965468036
0.975667702,5.441553261,8.80966589,Sludge,8.918348373,5.662513388,35.47812444,Glucose,6.637972077
0.820106259,8.595724253,5.524902773,Pure Culture,6.918042815,7.58296204,27.05205212,Starch,6.026906398
0.951599153,5.743114968,9.421143136,Mixed,3.79836037,5.179113802,36.49575713,Starch,8.766603665
0.91586188,5.82891073,8.08844074,Mixed,7.681132455,8.047627281,30.31318812,Starch,6.8670368
0.678319983,8.828209225,9.98037405,Mixed,8.33606546,8.786577736,29.26587307,Starch,7.297872729
0.937499388,4.333087229,3.831762247,Pure Culture,6.534804163,6.359075309,20.90806563,Acetate,3.12566783
0.270794002,1.77314467,7.788288745,Mixed,7.190956989,7.068957527,25.80058387,Acetate,6.061999434
0.35678629,0.773435425,4.318343679,Sludge,4.37733914,6.515641112,38.62019942,Glucose,7.15288115
0.236181831,7.673803929,5.058818393,Mixed,5.848261006,5.026841561,27.83647927,Glucose,4.721560337
0.460264265,6.392940738,6.461301901,Mixed,5.717432537,6.543498012,30.93401041,Glucose,5.360417424
0.510941832,7.188757797,8.799932585,Mixed,8.63243012,8.166881037,30.64043358,Glucose,7.306581693
0.417079225,2.523159534,9.848792957,Sludge,8.559675823,7.383955369,31.8086218,Starch,6.535411371
0.862990007,1.795529018,7.798597432,Pure Culture,8.494124224,5.405039658,21.22661911,Acetate,4.640606099
0.485402661,0.638174324,4.468784431,Sludge,1.099284528,8.388557959,27.2435251,Acetate,6.575824001
0.424747608,3.830581809,4.502891522,Pure Culture,7.74590936,7.12434138,34.46256548,Glucose,5.200017582
0.634156867,6.104218025,7.507031865,Pure Culture,7.828087511,8.366893447,24.01120502,Glucose,5.482582363
0.31273938,4.226318428,2.768382885,Mixed,7.105409406,7.320886075,24.07156755,Starch,3.235436067
0.841757585,4.656011759,1.549504075,Pure Culture,7.806381921,7.238753779,20.20181213,Starch,2.931756698
0.259640515,9.089507598,3.868910498,Sludge,8.577733343,5.421036741,28.74963853,Glucose,3.954108301
0.989509549,3.808426937,3.228770421,Sludge,5.232871487,5.669438933,37.65468761,Acetate,6.361216162
0.817795815,5.382900147,3.314927144,Pure Culture,5.518451921,8.888101026,21.03801887,Acetate,5.492296067
0.358972545,7.944703621,2.719273635,Mixed,2.122426512,5.913946987,23.82237419,Acetate,4.980058377
0.204417694,4.267156432,0.899885302,Mixed,4.468382947,8.909808472,26.20169077,Glucose,3.566724435
0.852369143,6.409823652,0.66980238,Sludge,6.790286619,7.127650826,34.63449473,Acetate,4.298347052
0.765485875,8.692455233,9.883362702,Mixed,8.023597985,5.543156188,32.81271186,Starch,7.770251196
0.783205734,9.520445925,4.56384477,Pure Culture,2.954881879,5.397208811,28.31887809,Starch,6.186535469
0.817016277,1.897198069,4.151103148,Pure Culture,2.240406092,5.835456283,35.18137879,Glucose,6.830881296
0.259235721,9.302582439,6.956649186,Sludge,6.967378041,8.70254932,32.19262023,Starch,6.099244594
0.486772583,5.175104784,2.573411935,Pure Culture,1.016918952,6.656600897,37.92081599,Glucose,5.980401923
0.292695248,2.953321689,9.524631248,Sludge,2.605353259,6.581737072,36.36053498,Acetate,9.118707656
0.890482741,4.861789684,7.970277637,Pure Culture,1.261642423,6.252825044,25.05627212,Acetate,8.149679543
0.698638501,9.810309465,1.349404522,Sludge,2.501966061,5.588247402,25.42877155,Acetate,3.803829418
0.46471842,5.179871893,4.46701737,Mixed,2.631873519,6.951404789,22.50712952,Starch,5.668386249
0.25084668,3.623140298,8.851623922,Pure Culture,4.489062353,5.52019113,26.73929451,Glucose,8.098121229
0.448785857,6.517308116,9.474954212,Pure Culture,4.620944122,8.341920946,39.99087837,Acetate,8.505529222
0.460146658,2.781383378,4.940314357,Sludge,8.868362235,6.481587945,28.11502337,Glucose,4.576707999
0.783684943,1.220701617,6.327408198,Sludge,5.590987412,6.499214271,24.40976869,Acetate,5.821188242
0.710045977,1.724357358,2.086822488,Pure Culture,7.510642891,6.896025714,35.24965769,Starch,4.487753848
0.909770194,1.71643547,9.916101948,Sludge,1.937236221,6.776510853,30.84942007,Starch,9.32958309
0.57777194,1.943075588,2.700881163,Pure Culture,3.028948799,8.979431892,22.99202899,Glucose,4.926032829
0.295675397,1.81885814,9.455951854,Mixed,7.326490969,7.181524485,27.61379362,Starch,7.029003439
0.77059583,6.588310076,6.671643165,Sludge,1.475235644,5.352806815,28.28939431,Starch,7.258411406
0.808628039,2.227860802,6.273499551,Pure Culture,5.37937896,7.427509366,35.07659401,Glucose,6.402729134
0.649021758,3.783839192,5.370540855,Mixed,6.394320691,5.606337171,20.41342738,Acetate,4.331844283
0.816773744,9.019489894,2.691363211,Mixed,6.419310796,5.123750579,25.38039294,Starch,2.927879957
0.595036477,5.002635582,2.177016304,Pure Culture,1.206395301,8.882968615,30.35192603,Glucose,6.341001624
0.618186264,6.841798516,2.594618986,Sludge,3.898972038,8.094155566,25.37693485,Starch,3.84591894
0.542032815,2.137038776,2.27116349,Pure Culture,6.728415859,8.92043597,32.56868095,Starch,5.105965718
0.220335301,2.326745679,7.906052499,Mixed,2.340997625,6.911513792,29.63734959,Starch,7.98781442
0.286313142,0.888251855,3.826189962,Pure Culture,7.258740835,7.129030125,27.2342051,Starch,4.330444086
0.225143349,2.104883099,1.049505427,Sludge,7.713326879,5.673347824,38.98417254,Glucose,2.341801213
0.709128329,3.146608221,9.706474986,Mixed,9.837722714,5.987629707,32.64318998,Glucose,6.766768563
0.451484785,2.181599601,8.895965907,Pure Culture,2.888577954,8.35419686,22.59882745,Glucose,8.450101226
0.606856553,1.342674071,9.31364669,Sludge,8.426176009,6.424742588,31.20183395,Starch,6.760283708
0.926053179,1.646040775,9.951624315,Mixed,5.682669192,8.307259895,35.61463706,Starch,8.695738554
0.399433783,4.877398296,2.152004868,Sludge,4.361163365,7.836054897,34.16979395,Starch,4.753055778
0.528306338,2.460170325,4.26429918,Mixed,2.101390816,5.708683701,23.44178459,Glucose,5.376153803
0.804440911,3.96056368,7.703265519,Pure Culture,7.619550458,7.029785464,39.44839998,Starch,7.134432217
0.383038532,5.282464073,7.112195872,Sludge,3.122718392,7.709549286,28.97627291,Acetate,7.982159009
0.261583928,7.058750872,1.96201111,Mixed,4.342798017,5.940148859,23.18050007,Starch,3.361179307
0.431801162,0.873465328,8.250414687,Sludge,1.562880042,8.322754042,23.60391508,Acetate,7.748941904
0.32897703,8.09439879,2.632185432,Sludge,8.212302242,7.17931063,21.96469984,Starch,2.097244014
0.943758122,6.4650537,2.626267341,Pure Culture,7.899296716,5.660968202,36.07036217,Glucose,4.679804313
0.846496304,1.276710804,5.601257017,Sludge,7.60254247,7.331937705,22.44060989,Starch,5.138344487
0.706723005,8.798996929,6.132929381,Mixed,3.694991594,8.998855217,22.50250514,Acetate,6.177262721
0.897168472,9.248287805,6.010818974,Mixed,2.561320668,5.602085967,37.0094323,Acetate,6.657943973
0.842937662,1.080240619,1.369124955,Mixed,6.73797938,8.26702772,26.89208169,Starch,3.885513601
0.349256047,3.130337657,8.835878195,Mixed,5.465497457,5.829236013,20.61715809,Acetate,6.191856014
0.914047199,8.158912158,3.023200405,Pure Culture,2.604272202,8.129553318,21.03790599,Acetate,5.359293147
0.631473794,7.608467059,1.730391752,Sludge,7.173201439,7.938311692,22.84340893,Glucose,4.069004978
0.845952124,2.252949684,8.943106759,Pure Culture,9.920137886,6.201957542,24.26786696,Starch,5.826035995
0.91687304,2.488818572,9.578689233,Sludge,7.72497629,6.30329247,33.30292388,Starch,7.539381736
0.45440278,4.019484977,8.690212364,Sludge,7.65987748,8.170085568,23.1465256,Starch,5.785673852
0.28804154,5.102968359,8.19040271,Sludge,9.552814776,6.845782048,22.37748782,Acetate,4.91048445
0.38234813,6.37342033,6.724798816,Pure Culture,2.826427308,7.923272115,35.29438283,Starch,8.0147311
0.541686231,4.004679576,5.733145021,Sludge,6.089949684,5.591936589,33.42110568,Starch,5.960088186
0.854411813,4.894079803,1.326374219,Pure Culture,9.816820435,8.410231128,28.70648443,Glucose,3.816097768
0.888584467,7.600973912,4.380305524,Mixed,2.487646999,7.843538867,30.98619543,Glucose,7.071596335
0.205561704,0.848490427,4.040540912,Mixed,7.302267635,8.627771235,26.23968041,Glucose,4.276161381
0.608597842,2.898150971,2.967660946,Sludge,6.272291314,5.529489516,29.6500084,Acetate,3.806639807
0.533928803,7.276821066,7.37249108,Pure Culture,6.27831183,7.372058001,30.13345298,Starch,6.850988313
0.377686248,9.004464958,5.210819483,Mixed,7.279035648,7.39648234,27.74474542,Glucose,4.524114977
0.295892294,5.3609357,1.269939051,Pure Culture,9.366552306,6.413842962,38.13144421,Glucose,3.247546222
0.470092137,5.55507811,2.591740419,Pure Culture,8.043237459,6.833865698,20.3212373,Glucose,2.901576514
0.954327763,1.518134108,6.990958255,Sludge,1.505224931,5.151926253,35.64342526,Starch,8.293875524
0.458562346,4.750417485,1.223243165,Mixed,8.674552179,7.983440155,22.48765662,Starch,1.906416277
0.615032497,5.559864031,8.586465683,Sludge,3.029871969,7.197289918,35.95094721,Starch,7.81820153
0.762415167,2.803469785,5.203892007,Sludge,4.392227483,5.230964207,32.31823831,Acetate,6.744144928
0.490903682,3.057810694,5.065572485,Mixed,5.155595323,7.723023572,36.86556182,Acetate,6.811641682
0.977425666,4.084199549,6.127873954,Mixed,5.328154007,6.867128309,21.95028651,Glucose,6.029694262
0.969957836,0.690676379,8.334469176,Pure Culture,4.916623593,5.137845038,31.17961268,Starch,6.833067887
0.401425837,3.559752073,3.804187475,Mixed,9.436179648,8.878430907,30.02175761,Glucose,4.860161804
0.597798805,2.508756066,6.941153449,Pure Culture,7.354171069,8.796448572,34.12386366,Starch,6.681632095
0.440702648,3.611224846,5.874453658,Pure Culture,6.680535814,7.051609665,30.68581104,Starch,5.620133589
0.427872396,1.637740252,3.036768567,Pure Culture,1.44857825,5.374689683,30.81469134,Starch,5.047872368
0.229509558,8.960009167,8.84698487,Mixed,9.135219972,8.018484886,28.59191887,Acetate,5.435950089
0.687651467,6.139128309,8.075547205,Sludge,9.184511728,6.9677244,26.17668848,Acetate,6.422428142
0.602143219,6.951472032,6.755292429,Pure Culture,8.021917571,6.209789913,29.64528723,Starch,6.302570908
0.241183001,7.997126767,8.580526426,Sludge,1.063262834,6.96567271,22.36984718,Glucose,7.711585948
0.422917171,5.23520089,8.739294909,Sludge,1.51552226,7.089776582,39.23026678,Starch,9.254614223
0.926612709,1.325742737,7.229448279,Mixed,3.02701332,7.250846796,34.28821527,Starch,8.138379112
0.391649513,5.602512147,8.451626619,Sludge,2.182144673,6.764894855,39.04934233,Glucose,8.967595227
0.315915898,6.074990621,7.125978886,Sludge,4.589524267,7.423021213,24.53454765,Starch,5.776994027
0.591562208,7.581675005,6.961337332,Mixed,9.303607523,8.674938842,37.5868204,Glucose,6.510378377
0.988520363,4.600765689,6.376808093,Pure Culture,5.248543908,6.449072348,36.17579969,Acetate,7.3886026
0.393644217,1.712012877,7.650808076,Sludge,1.120623638,7.902865853,33.54304825,Acetate,9.24808894
0.737708438,3.195871105,2.0067485,Mixed,3.544711206,8.577810227,32.50058372,Glucose,5.502870138
0.809295692,3.949281816,8.868272212,Sludge,1.401354175,6.823917103,26.33099331,Acetate,7.870873304
0.390110035,6.636213793,8.782513514,Sludge,1.326588604,6.773823346,36.3282157,Acetate,9.469728375
0.782573079,5.922393894,0.777849189,Pure Culture,3.481478678,7.408467941,30.03030923,Glucose,4.327298685
0.494226506,3.882918896,8.34525913,Sludge,3.480511048,7.365627038,21.41783152,Acetate,7.823970862
0.705844664,9.871894864,1.724263741,Mixed,8.084139423,8.226357369,26.25726322,Starch,3.987292472
0.706823769,6.254860784,3.683629115,Sludge,9.773511875,6.905933535,38.70594197,Starch,5.45922807
0.628619747,2.753654521,7.563328435,Pure Culture,4.340863845,8.984491799,37.01360521,Glucose,8.199765775
0.272231816,1.46693349,2.027219012,Pure Culture,4.85998191,5.237886275,39.63811396,Acetate,5.779716574
0.868241996,1.952161822,8.270686729,Mixed,8.603104927,5.012671394,32.55986765,Starch,6.68299778
0.456624052,2.83659842,8.405274691,Pure Culture,3.413251181,7.560793246,24.95020146,Starch,8.364330231
0.349214808,2.026473046,5.320943471,Sludge,2.40743624,6.193739649,23.25630099,Acetate,5.530680932
0.232620113,2.272386728,0.560665781,Pure Culture,8.677806611,5.961529555,23.73828881,Acetate,1.279923421
0.672714355,3.208404103,3.226862265,Mixed,1.418505278,6.24759632,20.39591317,Starch,5.15217529
0.742051489,2.147049155,6.360805725,Pure Culture,6.577294962,6.02419026,27.81364222,Starch,5.862996644
0.213270263,9.019271534,9.821268691,Pure Culture,6.057935627,5.123160199,23.82855361,Glucose,7.29876324
0.609674447,1.262220584,6.502228507,Pure Culture,4.113284028,8.88613217,28.23310921,Glucose,6.989341298
0.38119662,5.482858201,2.96813402,Mixed,3.83670569,5.882981954,38.69988864,Starch,6.266905349
0.716138232,4.398769856,6.523054179,Pure Culture,7.946719536,7.93611905,28.61080419,Glucose,6.264843298
0.339493143,9.832596861,5.629861107,Pure Culture,1.777821497,8.050385579,37.55968994,Starch,7.81252862
0.75275019,1.564369571,7.908531254,Sludge,3.131058784,8.717029592,32.11009533,Starch,8.898901905
0.509388277,4.279628191,1.516316069,Mixed,7.592038587,5.122197828,24.94263109,Glucose,2.170127232
0.949383991,9.709969116,7.729765074,Pure Culture,5.934885254,8.488193354,27.11709519,Glucose,8.428375243
0.310016755,8.722317696,5.642032497,Mixed,2.151893877,7.108904723,21.67839072,Acetate,4.680915346
0.472853081,8.262184674,9.648424037,Pure Culture,8.939220529,7.53017644,26.66925187,Acetate,7.030160402
0.290778817,2.950076857,3.747785577,Pure Culture,4.541030619,7.577881108,33.55081891,Acetate,4.732566815
0.939754895,2.12343208,6.509907985,Pure Culture,8.450815378,8.27919122,21.44222186,Starch,5.158745373
0.901871483,6.852110589,9.354267002,Sludge,8.08941714,6.333629289,24.10802817,Glucose,6.606530175
0.406353302,9.329071897,1.473842416,Sludge,6.619829018,7.932204759,27.62882083,Starch,4.179194958
0.727987237,5.789247484,9.403670629,Sludge,5.450330182,7.114312439,39.64099074,Glucose,8.690011505
0.85377776,5.93032055,7.034914362,Mixed,9.815957563,8.173576057,35.69723646,Starch,7.114136935
0.644160649,3.15980139,1.144452061,Mixed,2.304685651,8.962184131,34.66973493,Acetate,5.066150854
0.623720463,7.810182865,3.359153886,Sludge,7.526401548,5.80260407,22.32381913,Acetate,3.986870438
0.393481833,2.276915611,7.227634842,Mixed,2.720716313,8.978594566,35.61991787,Acetate,8.232925973
0.274482214,3.574952746,1.139830714,Pure Culture,4.044367948,5.359248617,35.70537623,Starch,4.25529535
0.917772606,4.541646167,6.030619372,Pure Culture,3.77828869,5.009270192,32.02205391,Glucose,6.651911262
0.920334446,5.322298598,3.785889041,Pure Culture,9.52332389,5.176647745,39.80723564,Glucose,5.42944976
0.706481166,2.802892458,6.398697419,Sludge,9.7062056,6.367129619,26.50507812,Acetate,5.320475619
0.471223833,1.590949835,0.934549321,Mixed,2.647138998,7.531625323,38.82544896,Acetate,5.660732849
0.47936766,6.300890403,8.779599658,Sludge,1.198316443,5.276118164,38.2946223,Acetate,8.722550695
0.780764543,3.241990256,9.748145207,Mixed,7.480072357,5.022663258,20.22961319,Acetate,5.924645568
0.917688208,6.021763104,9.704339625,Pure Culture,4.761909405,8.748364114,29.00233053,Glucose,8.29336517
0.909669139,1.966445795,7.621692402,Sludge,1.799562206,8.287706544,39.54208466,Starch,8.486391182
0.823900437,5.070830968,1.735819281,Mixed,7.15378695,8.236732685,22.06242725,Starch,3.865142218
0.713625317,5.559599609,7.703500361,Mixed,5.905949754,8.537697102,30.95569389,Starch,7.290062554
0.267311972,0.9923236,0.733575706,Pure Culture,9.824651398,7.800137091,39.57915014,Starch,2.981937462
0.329302971,3.697740643,0.71017374,Sludge,3.046685463,5.417616519,31.10990848,Acetate,4.647088877
0.918843351,1.776939431,3.574297082,Sludge,4.635800887,6.596400752,23.79630606,Acetate,4.592399411
0.685143248,1.102062219,5.142110309,Sludge,5.882912231,7.892597946,31.6436646,Acetate,5.676946665
0.207357641,9.904622208,7.818870469,Pure Culture,8.125299896,6.121337843,24.08881148,Starch,5.158507285
0.281177234,3.562361527,6.991306078,Sludge,5.93954791,7.749625457,30.39408526,Acetate,5.961729544
0.730801415,8.193807236,4.736075711,Pure Culture,6.516101448,5.097993793,21.48084436,Acetate,4.337709632
0.204049267,2.91908622,3.09945333,Pure Culture,3.035323464,6.224549364,32.10965338,Glucose,5.071413211
0.328646441,6.974275861,9.972682751,Pure Culture,8.622268553,7.196521345,30.33579878,Glucose,6.881826405
0.638987031,7.722164669,4.548722371,Mixed,4.857674923,7.528359318,34.80322738,Acetate,6.017291349
0.753516158,6.158568036,4.788176731,Sludge,2.268636648,7.308162658,32.61400942,Glucose,6.986233025
0.721569008,4.979973791,2.054426301,Sludge,6.977691231,7.791025104,30.99212537,Glucose,4.210319108
0.379415448,4.412488684,8.050690713,Pure Culture,2.944814079,5.024354993,33.79557698,Acetate,7.569874644
0.769743377,3.814248532,7.089981145,Pure Culture,1.878062592,5.4037648,22.87883827,Acetate,6.786620316
0.38979927,9.33052687,2.597311321,Sludge,8.757882176,8.475777009,31.90719323,Acetate,3.828243735
0.460319759,8.390884374,1.282619933,Pure Culture,5.14146038,7.726994576,23.44221206,Acetate,3.265538713
0.797193124,9.667755651,6.96474337,Sludge,7.743553414,5.451726571,38.51044416,Starch,6.753987873
0.719706319,1.680823623,6.717856536,Mixed,3.615288038,8.36829775,21.3666821,Starch,6.32209927
0.879378728,7.443241014,3.095965506,Pure Culture,8.082731214,5.968924871,28.60749499,Acetate,4.3834973
0.726090314,9.41423434,9.533203841,Sludge,2.007423343,6.913039537,33.91594955,Glucose,9.56786412
0.654646883,2.221714129,1.935049972,Pure Culture,4.203760364,5.580786052,29.16044423,Acetate,4.01039264
0.274939814,1.13171454,4.60718061,Sludge,9.802556362,7.840440226,21.84190506,Acetate,3.507245908
0.494172642,7.540646168,9.464351242,Sludge,8.145907447,7.667417684,31.06758032,Glucose,7.28679877
0.412161894,5.957494575,4.487409511,Pure Culture,5.475303373,5.844449885,32.83263818,Starch,4.516083876
0.395191715,8.497373379,6.565996503,Mixed,4.057997244,8.453603067,34.07584622,Acetate,7.650534031
0.978408444,1.827837578,4.277146781,Sludge,8.8492213,6.605224097,27.46519629,Acetate,3.824345102
0.51447818,8.055039463,3.105044422,Sludge,5.903629832,6.170060364,31.27319942,Starch,5.021561712
0.913637244,2.41545954,9.847787656,Sludge,7.825825161,5.609318358,29.0137295,Starch,7.209417877
0.704910901,2.054731457,4.38867306,Mixed,7.786969123,6.06467205,33.44112078,Glucose,5.36925615
0.835849043,2.06052508,8.993942435,Mixed,1.161511107,5.088107685,31.67113935,Starch,8.686823315
0.602109674,8.238459842,2.684568756,Pure Culture,2.136284045,7.33302997,30.51512439,Starch,5.736169971
0.661523108,6.819373597,2.524494688,Mixed,6.936664298,8.368922985,24.99048734,Starch,4.488421622
0.594014155,5.469121535,0.795773787,Pure Culture,2.454578302,7.195921798,20.04037035,Glucose,3.445437849
0.35619439,3.908889599,6.690834841,Pure Culture,3.299440102,5.877095848,23.48163351,Starch,5.868714873
0.777961692,8.833405138,4.001000265,Mixed,9.519741588,5.134676713,22.34132083,Starch,3.355534742
0.42461789,4.228228521,8.711403373,Pure Culture,6.041640325,5.858512293,28.9816949,Glucose,7.270606648
0.219452773,8.257694675,4.995494114,Mixed,7.756565563,6.664485712,32.24516302,Starch,4.629378484
0.716377837,4.671781631,9.697837565,Pure Culture,6.021826649,8.038445715,24.26170017,Starch,6.656601707
0.341688544,4.08097208,2.262492399,Mixed,5.972622533,5.75137141,38.78114192,Glucose,4.33618726
0.952366867,4.895457964,8.751920096,Mixed,1.847367191,7.879165813,20.13364258,Acetate,8.511520566
0.963142862,3.363089805,7.877670102,Pure Culture,4.092968733,8.467733873,35.4460203,Glucose,8.33209043
0.931891512,7.602289112,7.823757524,Sludge,3.541878088,6.815787392,32.50409539,Starch,8.202926644
0.49612696,5.275843706,8.525440667,Pure Culture,4.516555291,8.285727967,27.47109602,Starch,7.380168041
0.212365293,2.706020604,7.729727914,Mixed,8.185097694,7.218629392,21.00977889,Starch,4.157847069
0.94265485,9.045958446,6.449093055,Sludge,4.347394011,7.548363348,32.54973144,Glucose,7.101357429
0.542547319,4.146966603,1.746826338,Pure Culture,5.065271373,7.105113841,27.71227026,Starch,4.316685416
0.973323855,5.663752181,0.808998705,Pure Culture,4.576432514,6.852690867,38.72534279,Starch,3.868174895
0.970895982,9.111485054,9.248054554,Pure Culture,1.840671748,5.938613767,30.8398015,Glucose,9.246329117
0.882407564,6.430260961,6.358177988,Sludge,4.969649424,6.212776238,38.79303023,Acetate,6.922943873
0.435559114,1.610531387,8.067104264,Mixed,2.760483457,6.159880476,24.40967387,Acetate,7.531018903
0.508078183,9.428405174,5.074462339,Pure Culture,2.680509662,7.253155724,34.51451821,Starch,7.398783251
0.880909337,6.463226504,1.614427795,Pure Culture,1.84632494,5.479814772,32.34498042,Glucose,5.202530914
0.453537604,3.681603339,1.689265026,Pure Culture,4.210038767,8.667166763,34.7881646,Starch,5.071866699
0.335594197,1.82308469,7.012870229,Pure Culture,7.817336963,7.882620581,24.29335728,Glucose,5.032387879
0.64544101,8.043239298,4.587906002,Pure Culture,3.487975215,6.605782524,33.29989032,Glucose,5.742267081
0.948923819,6.390691181,2.404984904,Mixed,3.811141917,5.634496578,29.96080786,Acetate,5.790315487
0.756823837,5.567880374,5.170148194,Mixed,6.784071919,8.527968679,34.8564995,Acetate,5.914019563
0.656048936,8.991979539,1.109984902,Pure Culture,2.762567313,8.29511236,26.54089288,Glucose,5.348071232
0.277741195,7.991673507,6.028728318,Sludge,9.072621374,7.886886211,37.80114051,Starch,5.442511976
0.692005781,1.940911357,3.055437342,Mixed,5.681714709,6.08618819,21.68602629,Acetate,4.025244346
0.99204308,3.461359644,8.076811456,Sludge,5.028426463,6.60978655,36.14378638,Starch,7.690944621
0.312067212,2.860646828,3.44843861,Mixed,6.020381727,5.41099301,37.22639252,Acetate,5.234293918
0.614663722,7.567489779,4.824591416,Pure Culture,2.494308821,5.756158099,36.34504623,Acetate,6.778676603
0.901898458,0.81855813,0.610395129,Mixed,6.521258248,8.132066549,30.25452789,Starch,3.565946874
0.792614894,5.913952006,1.188245434,Pure Culture,4.26790663,7.860154875,28.7676996,Acetate,4.701655164
0.757612593,7.743357515,4.228688786,Mixed,9.074677069,7.373943052,39.92524573,Acetate,5.230773847
0.761987267,8.829273549,5.05941893,Pure Culture,2.51968786,8.582906904,24.58343902,Starch,5.844243956
0.487592921,3.749776613,6.200195207,Pure Culture,5.563459935,7.333066071,30.93751932,Acetate,6.762151888
0.434873475,8.301944394,3.270794498,Pure Culture,6.383013664,6.867872,33.41351051,Acetate,4.210367086
0.847488924,1.551001501,7.102327918,Pure Culture,1.300452416,6.361482985,34.01735272,Acetate,8.771309885
0.848090716,8.541296771,8.671162773,Sludge,4.273238123,8.761794023,24.08049331,Starch,8.378988931
0.893657855,1.711142292,7.908584394,Pure Culture,7.593717112,5.330861846,33.07988185,Glucose,6.577516958
0.930592442,4.27422926,0.876378841,Sludge,8.383397567,8.723549488,36.36739133,Starch,4.640269557
0.609073919,8.074305975,5.064815999,Sludge,3.818457953,8.30685864,21.00037154,Glucose,5.876430484
0.601213036,1.92421556,1.496836695,Pure Culture,8.187339451,5.519719698,38.23042587,Acetate,3.352242757
0.838636143,2.677888255,2.799427651,Sludge,9.709802894,7.259937431,20.5900811,Glucose,3.369391969
0.719971145,7.3613994,9.873294636,Mixed,8.711865425,8.466191927,27.11942065,Starch,6.733409146
0.761573502,7.340347097,1.853707658,Pure Culture,2.058795893,7.287236654,20.31626392,Starch,4.219197371
0.836634136,6.590902512,5.239437458,Sludge,7.657572989,8.628799286,21.54290337,Acetate,4.768646933
0.912004273,7.092510222,6.372479476,Pure Culture,3.877001492,8.771935267,38.2233657,Glucose,8.632078184
0.470396125,5.655882212,7.17341722,Pure Culture,9.895743905,6.689538089,27.09721661,Acetate,5.599648267
0.500466362,2.89209106,5.816662493,Pure Culture,5.368230848,6.509254646,28.49543061,Acetate,6.37602485
0.275185552,3.784111938,0.59282305,Sludge,2.101905085,8.745284616,24.30688763,Starch,4.177608287
0.662624113,2.22517831,3.601382428,Mixed,7.526669932,7.700560245,31.9419154,Glucose,4.666958562
0.228753819,9.130280333,5.418260612,Mixed,3.907100785,5.464090725,31.89606429,Glucose,5.089435579
0.572478415,6.04222205,1.334731742,Sludge,9.973703414,5.169166997,27.44400784,Glucose,1.254398834
0.634115708,4.308088459,3.830955846,Pure Culture,9.818042121,7.258516204,26.66069744,Glucose,4.478458582
0.429233002,4.889055135,0.815429534,Sludge,6.905206162,8.720683862,37.69928616,Acetate,3.275568714
0.672666608,9.499191726,1.246495723,Sludge,2.168438041,8.37699481,27.66568479,Acetate,4.560571856
0.2244002,1.95683833,4.270771124,Sludge,7.181748979,7.703390986,29.87001984,Starch,5.260364351
0.229878551,6.069183404,1.760799663,Pure Culture,1.837274378,5.556463396,25.66609525,Acetate,4.295879213
0.858080449,5.305942449,5.891638058,Sludge,1.264277432,6.016925535,35.73539007,Acetate,8.493946808
0.488152513,6.308815237,7.049917207,Pure Culture,8.406626016,8.502044906,27.94896314,Starch,6.16021228
0.30164841,0.672046746,8.105573642,Sludge,2.887776529,5.731228947,30.27222093,Starch,8.336031741
0.617794608,8.785177135,2.40142732,Mixed,4.411244136,6.113757633,25.0671434,Starch,4.248755616
0.815994842,9.355123684,2.091084531,Sludge,9.76111651,5.518402605,39.75319185,Acetate,4.180726757
0.372656822,5.868765244,1.493394483,Sludge,4.031564517,7.704432926,25.82991482,Acetate,3.597108145
0.698312381,7.118182827,6.546087371,Mixed,3.668408032,8.775929221,35.41485062,Starch,8.321008574
0.268277972,9.263744121,7.211519402,Pure Culture,9.263871997,6.075872126,28.54991301,Starch,4.913323156
0.241345377,7.218767026,0.800068376,Pure Culture,1.996736008,6.901626431,24.1243481,Starch,3.56029685
0.625083705,1.949120908,9.394016339,Sludge,7.836241691,7.537358959,35.99437528,Acetate,8.400473704
0.632508097,5.974739422,0.993727195,Mixed,9.8925901,8.997864993,26.67213578,Acetate,2.95269131
0.709943921,6.263792941,5.642315185,Pure Culture,9.111664097,5.41923226,37.30386695,Glucose,6.314067725
0.780873067,4.529241377,7.236074935,Sludge,6.865011268,6.994283198,38.3051437,Acetate,8.224235143
0.980681664,7.496220238,8.774206676,Mixed,3.826547155,6.54048048,37.19647671,Acetate,9.51008587
0.613040279,9.37648664,7.283825855,Pure Culture,3.288897831,8.463280661,20.7001583,Acetate,6.048124958
0.458365178,9.292900873,8.116416789,Pure Culture,8.373295944,6.903870924,35.7474669,Starch,7.78227312
0.836148956,4.782974028,3.724776829,Mixed,8.918397226,5.443910098,28.22678933,Acetate,4.2262332
0.416665801,1.575761435,8.240838581,Mixed,5.728914213,7.537696581,37.4744584,Starch,7.607132779
0.551177137,9.85599139,1.261091041,Mixed,3.199059467,8.083122473,32.75908525,Glucose,5.368756987
0.262765105,8.469531821,9.000758233,Mixed,2.016488876,5.011525007,36.67286268,Glucose,8.256602937
0.220280595,1.684295471,5.702127573,Sludge,1.78461521,8.435826742,29.9886354,Starch,7.487247647
0.970118732,9.247997885,8.264328815,Mixed,7.471697026,5.744092,30.70051009,Starch,6.227484674
0.868784096,8.76401544,4.797023703,Pure Culture,4.781068551,7.208277459,22.88775264,Starch,4.985540115
0.756779365,5.428961543,6.613988104,Pure Culture,9.148238869,6.663190003,35.67974717,Acetate,6.423523166
0.527162356,6.11711664,5.500825279,Sludge,7.657041707,7.878615266,28.38779223,Glucose,5.82597566
0.338635456,4.290525687,7.450100457,Pure Culture,2.721343761,6.484646459,30.00160237,Starch,7.639363423
0.325149634,1.020235569,1.275484829,Pure Culture,6.523996769,8.479052707,35.70195428,Acetate,4.063584742
0.400194319,3.684373796,1.073344798,Mixed,4.91954909,7.921985444,31.976908,Glucose,3.105617868
0.639381332,8.127107762,2.847480723,Pure Culture,6.195247577,7.590852684,24.02197455,Acetate,3.892528596
0.771676738,0.544004219,2.015674461,Sludge,7.64262211,8.184962382,31.80465318,Glucose,4.416592321
0.728157901,3.668242131,8.781943883,Mixed,8.255762929,8.01609214,28.15265716,Acetate,6.756870975
0.423947118,4.282602589,2.58253288,Mixed,8.593635938,5.1437547,29.39051084,Glucose,3.008846406
0.963892225,5.605258228,9.77071993,Sludge,3.285773871,6.578937415,20.56622549,Glucose,7.950342881
0.790317533,9.238628356,3.700510022,Mixed,1.280040399,8.723229189,24.20058699,Acetate,6.102348346
0.643483242,3.790286946,2.230120199,Mixed,7.653652616,5.502897076,25.62076163,Starch,3.034345181
0.689376597,3.796055418,8.002135818,Sludge,1.957093536,7.948386202,34.25920016,Glucose,8.844691091
0.53568005,7.506261857,6.757723867,Mixed,3.834276298,8.898367245,20.22984947,Starch,7.181426257
0.398184792,4.796070438,5.232859306,Sludge,1.034354207,5.208794516,28.17554522,Acetate,5.380775226
0.484778143,2.633745818,5.775953734,Sludge,7.135025342,7.728775523,38.48053741,Starch,6.256179331
0.806276888,4.798175403,7.332416894,Pure Culture,2.504188103,6.872616565,22.23761233,Starch,6.723129961
0.211514791,1.838141694,2.670320043,Pure Culture,6.897541687,7.316701021,30.32848776,Starch,4.040853629
0.292858112,2.175676372,9.965172203,Mixed,9.925683555,5.341365346,35.73044765,Starch,6.919057752
0.236802114,5.234493841,9.76053504,Mixed,1.654037844,5.172027807,38.85062615,Starch,10.30406259
0.232583042,4.47979177,6.67809402,Sludge,1.693702108,7.667466642,34.93553279,Glucose,9.019620443
0.884368467,9.19103606,2.395653284,Mixed,4.063420834,8.293237719,34.41131097,Glucose,5.399532079
0.762926288,3.942742042,6.962168303,Sludge,8.797478628,8.12806134,36.5297618,Glucose,6.731020074
0.579339063,6.015589328,1.185884885,Sludge,2.939768819,7.175222911,28.92402442,Acetate,4.60008228
0.278267329,6.506510735,0.791198771,Mixed,4.243400379,5.399467285,36.11689065,Starch,3.637868782
0.5932927,0.624397338,2.947987441,Sludge,1.61654866,7.752177775,20.15928809,Glucose,5.344218665
0.578777417,6.803605034,4.894918089,Pure Culture,7.868397621,5.967555534,38.49122111,Acetate,5.472841225
0.338561496,2.191341685,8.748588801,Mixed,4.674757085,8.644274811,28.86613019,Glucose,7.324367028
0.547081319,9.630168016,7.408106163,Pure Culture,7.833238598,8.353061438,31.06760376,Glucose,6.429335069
0.518803788,1.912295914,7.555711951,Mixed,9.132470599,7.837531868,25.09764498,Starch,5.031591411
0.692680078,4.438929175,4.542186677,Sludge,3.094868324,8.795383823,34.85061666,Acetate,7.659238749
0.708074921,1.310821847,3.786382429,Mixed,8.266564273,5.125687286,21.53271613,Starch,4.108870567
0.236243208,9.970305393,4.024868248,Pure Culture,1.531845011,7.9448017,37.45271605,Starch,7.198516819
0.499690092,5.270852598,9.882670855,Sludge,9.089626494,6.320971117,36.56233658,Glucose,7.590265819
0.700687933,6.156157665,0.881037318,Mixed,6.856916928,8.624263543,24.32120232,Starch,3.177184251
0.602509007,1.137226535,8.736799213,Mixed,8.868040517,6.066700787,36.18648797,Acetate,7.613100625
0.885191873,7.624624469,5.997416381,Mixed,1.001695596,7.899425997,35.72715466,Starch,9.139303178
0.726954905,2.494103134,4.666846482,Pure Culture,2.521729633,8.510588079,32.64433196,Starch,7.067192302
0.330347542,9.03151575,7.389947774,Pure Culture,4.507834487,5.166627274,27.47040354,Starch,6.513562346
0.256454998,2.448826585,5.123354944,Mixed,4.41552613,6.590590318,25.42997508,Glucose,5.629622407
0.713935423,2.311533346,8.797520762,Sludge,3.040573446,8.049236128,24.63567181,Acetate,7.562307363
0.221209048,0.847221845,9.056667708,Sludge,4.434507459,6.819675558,26.37217926,Glucose,7.982406011
0.668620465,4.984635979,4.506348805,Pure Culture,2.159638408,6.069010519,38.07116887,Glucose,8.028514189
0.952184193,5.865990766,3.129864074,Sludge,4.714850163,5.879221395,21.55281552,Glucose,4.825866226
0.660379342,1.124232075,6.127328122,Pure Culture,8.221188962,5.526073068,36.57742553,Glucose,5.265771056
0.510535941,7.867512359,9.167451783,Mixed,5.311630568,8.428518239,26.9778015,Glucose,6.797149044
0.714630575,4.80624393,2.501290796,Pure Culture,1.162000801,7.301421613,30.43198792,Acetate,6.331592069
0.566602312,5.481707559,6.418182544,Pure Culture,4.792996374,5.30553978,35.88971267,Starch,6.494458708
0.636493431,4.687246096,6.499822091,Mixed,1.244575145,6.530321294,37.68753094,Glucose,8.604117277
0.953171847,4.307249078,7.464573713,Sludge,9.696190696,6.470934603,26.8956284,Glucose,6.337291246
0.50888211,5.816583147,1.749893009,Pure Culture,2.147085635,5.726956763,29.23686963,Acetate,4.378527229
0.968952451,1.974782336,7.300337164,Pure Culture,7.369194937,6.742030502,28.2903213,Acetate,6.203232964
0.924280514,2.22831724,9.135808946,Mixed,9.754986906,6.328397462,20.26502067,Starch,5.811375858
0.356632908,8.6869634,2.206989534,Sludge,8.434351465,6.367214822,25.91885778,Acetate,2.075069576
0.255489041,9.48809689,2.756661587,Pure Culture,7.293838376,7.956106231,29.18378467,Starch,3.525242129
0.280622401,4.046438505,9.728253393,Mixed,8.555148186,5.893053542,28.22187218,Glucose,6.53530684
0.214577461,3.072074395,2.219281051,Pure Culture,9.836188239,7.567439835,34.43858455,Glucose,3.13756501
0.275554369,6.617995661,8.616658387,Mixed,6.592100475,7.282598496,27.69607234,Starch,7.081473356
0.746405419,4.382974625,5.176639636,Sludge,6.032663261,7.272370049,29.78752898,Acetate,7.19186189
0.256950919,0.741170379,2.848695207,Sludge,6.654142994,7.652029385,28.59217184,Starch,4.072857671
0.455180504,1.983449675,8.772124062,Sludge,5.794082981,7.193528145,34.81252298,Acetate,7.511083494
0.875900249,7.301736174,4.730399923,Sludge,6.715801953,8.517020459,37.25944798,Glucose,7.189648642
0.218617549,6.759777448,5.390764862,Pure Culture,5.048579872,7.702320368,30.63778158,Acetate,5.165535502
0.851574786,0.757411929,3.912717009,Pure Culture,2.965988646,7.187853005,35.78864388,Starch,6.069802644
0.42548382,2.608735538,6.133033089,Sludge,2.082225039,8.319052481,25.93573364,Starch,6.74206823
0.294531862,2.695210568,2.05347679,Sludge,1.61506842,7.42458626,30.8273922,Glucose,5.204056471
0.757389732,6.882981064,4.215274598,Sludge,3.369842054,6.164576991,26.90459907,Acetate,5.316435406
0.703154277,0.687250109,9.709417062,Pure Culture,1.415112079,5.828379673,28.28401851,Acetate,8.971019953
0.901977611,1.489031529,2.952267611,Sludge,6.104537019,5.609311143,34.6482773,Acetate,5.090415698
0.788056835,8.099202811,6.738998313,Sludge,3.554456023,8.59782085,37.63324965,Glucose,8.95097672
0.842784744,2.19617429,3.58930561,Sludge,8.420813273,7.840541727,22.42990782,Acetate,3.799329883
0.425627658,6.701088025,7.847994694,Mixed,1.668167857,8.749513753,32.69278513,Starch,8.502257256
0.341951635,2.76273642,1.743299777,Sludge,3.037163449,7.413167223,31.64287615,Acetate,5.388305915
0.800491801,1.444693231,9.713299928,Mixed,7.572215324,6.893603526,22.36830078,Glucose,6.432071854
0.845467791,2.810135814,4.811000643,Mixed,6.389274667,5.238865956,24.23788661,Acetate,3.820352634
0.992404114,7.361535853,2.742479402,Sludge,1.580421441,7.686569126,26.22004989,Acetate,6.453333383
0.530094142,8.629116447,1.1982191,Mixed,8.895155114,7.328835039,23.33862142,Starch,2.725194101
0.497614469,8.387088713,2.112700098,Sludge,8.895355865,8.960835574,24.87458965,Acetate,2.669311748
0.821130369,4.273243531,5.437852511,Pure Culture,3.973672035,5.956635111,25.35201598,Starch,5.710708133
0.472642832,6.846808797,3.701530176,Pure Culture,4.06365259,7.122949421,26.71347666,Starch,4.647257354
0.94460586,2.447350806,8.374391976,Pure Culture,9.901255225,7.60382934,34.98780906,Glucose,7.155362991
0.886730201,3.284903437,4.593431475,Pure Culture,6.635585544,7.578364699,31.43824408,Starch,6.540946228
0.543195222,9.015190276,2.86278559,Mixed,5.781848685,7.245174172,39.72493344,Starch,5.904363444
0.800696854,0.623518273,6.362877373,Sludge,8.543369652,8.107712041,28.29471654,Glucose,6.227861658
0.803634299,1.312331043,7.21438356,Sludge,3.567613045,5.819924838,35.07730148,Starch,8.261394587
0.282499095,2.474919424,2.086898125,Sludge,4.862643341,7.902508801,37.42936843,Glucose,5.134034365
0.922042325,0.752055937,2.092382555,Pure Culture,3.409990079,7.478938286,33.57956986,Acetate,6.156242976
0.604201898,2.223636633,0.848378556,Pure Culture,8.102447619,8.584300447,28.23729481,Glucose,3.389921362
0.861165973,6.038894829,7.495819143,Sludge,6.160144111,8.388777756,35.07189261,Starch,8.493466787
0.456039681,4.503533231,6.806143012,Pure Culture,6.929425631,6.260588157,24.07334276,Glucose,5.118752998
0.916418583,8.980381255,5.00899332,Sludge,3.270765249,6.1049493,26.5510433,Starch,5.263440322
0.511361343,8.265713837,8.519619265,Sludge,2.982027712,8.926613295,30.9337051,Acetate,9.17560907
0.208670121,3.747264841,8.153866453,Sludge,5.395371661,7.109060724,31.50818775,Glucose,7.372773505
0.924305581,2.964522618,6.060866462,Sludge,7.638091742,8.625683856,20.44282951,Acetate,5.099846845
0.273029341,4.107077878,8.748577165,Sludge,5.727157818,5.655524095,38.90228378,Starch,7.775821501
0.45545091,6.107801954,2.455491495,Sludge,1.293811098,7.571275659,33.93254542,Starch,7.388815984
0.960049574,3.046604588,1.563236384,Sludge,8.816963557,8.239440749,29.914075,Acetate,3.222767108
0.960485718,6.429414625,3.062621309,Pure Culture,1.582182042,8.789580998,38.66254469,Glucose,7.022563631
0.65875031,4.389410696,1.042325133,Sludge,9.602420353,6.349360564,28.78191131,Glucose,2.358142069
0.70546977,5.744448218,5.546110516,Sludge,1.226277624,7.89992468,39.60871141,Starch,9.100649302
0.558756418,4.643202027,9.397754077,Pure Culture,7.250054105,7.155252036,30.24569514,Acetate,8.565686856
0.434568617,3.297424716,0.873763636,Pure Culture,1.739863573,5.242515704,22.2857154,Acetate,3.868334803
0.462931636,9.510306416,1.660044183,Pure Culture,9.196089215,7.759998949,35.29601945,Glucose,2.887937999
0.738014765,7.754255045,4.795890769,Sludge,5.179899126,7.760386233,33.5779545,Glucose,7.329692291
0.801899624,1.83107517,9.371812667,Mixed,2.237713973,8.722427219,35.45973443,Glucose,9.936836377
0.833263235,8.750445771,3.503482997,Mixed,4.067341298,6.989249785,39.02884057,Acetate,6.080028996
0.831694514,5.130596383,5.318730683,Pure Culture,2.483422078,5.921003683,35.52978605,Glucose,6.777177443
0.272964882,8.998246155,0.894942161,Mixed,2.535237204,5.178255294,32.22673204,Glucose,4.581760448
0.595536244,8.098624931,1.909260409,Pure Culture,9.532974882,6.662568747,37.14617805,Starch,3.737712982
0.246047008,4.539528292,9.872986168,Sludge,5.007215011,6.2076668,33.46492879,Glucose,8.391730115
0.639623106,0.713458429,9.668627616,Mixed,8.099220375,8.044353224,28.16238114,Glucose,7.984606498
0.553224401,3.052434914,0.546929819,Sludge,6.756450051,6.417071059,37.71239528,Acetate,3.34268586
0.910163346,5.645525039,9.542211962,Mixed,7.087837261,8.796284785,24.43800922,Acetate,8.259020672
0.48073201,6.518043088,6.571639409,Sludge,2.185240946,8.849240812,34.2928255,Starch,7.95438508
0.293653613,2.949933012,8.745223798,Mixed,3.107660021,7.483634361,37.6312691,Glucose,10.01709425
0.314393346,1.823882704,4.820028629,Sludge,8.080753016,8.714641148,34.62633039,Starch,5.742233863
0.809208505,8.43183725,5.398162272,Sludge,9.736895858,8.043417378,33.94550838,Acetate,4.968494231
0.694574451,9.851820717,5.144042512,Mixed,3.364080783,7.187438564,35.05276588,Starch,6.048511841
0.280898141,5.494056732,6.835210447,Sludge,3.444118883,5.721231742,29.30110497,Acetate,7.087907277
0.267285445,2.130953216,1.82668692,Sludge,5.256074195,6.834391774,37.48341364,Starch,4.478479139
0.760775305,3.086919602,0.784749104,Sludge,9.854562816,7.243497853,24.0687295,Starch,1.822415625
0.258210405,0.674711427,3.425334445,Mixed,3.420630512,8.455846323,22.54772832,Glucose,5.222086494
0.857488047,9.185838662,7.194467246,Mixed,4.662747187,6.925333506,25.7101756,Starch,7.34569108
0.764993782,1.618635287,2.417607795,Sludge,9.023320141,8.590698691,30.63154794,Glucose,4.506952583
0.265079025,5.976906517,6.897608117,Sludge,1.026289294,7.697395916,30.21123591,Glucose,7.32616261
0.267870171,3.103524597,9.714164438,Mixed,1.357893685,5.547996252,36.41197515,Glucose,10.12775439
0.989311663,5.764691024,1.3920568,Mixed,6.436645094,8.979925477,28.09137313,Glucose,3.872083942
0.499416637,6.688493689,6.889720123,Sludge,9.166421482,7.108930643,29.68688853,Starch,4.35681694
0.496513718,8.382547135,4.715627083,Sludge,3.149709944,6.567433186,20.26735367,Acetate,4.561113363
0.850239654,2.461002082,8.747351417,Sludge,5.226775972,7.636455058,28.19478473,Acetate,7.94161667
0.957798862,0.604460372,2.182923,Pure Culture,5.054187715,5.435573256,32.95548466,Acetate,4.234700269
0.988800851,1.800413486,7.079946546,Mixed,5.256742115,7.546154587,20.31016661,Starch,6.250216664
0.802702548,9.050177098,8.462095252,Pure Culture,6.602677262,6.992944002,25.6176393,Glucose,7.02188546
0.501007668,8.801955737,9.473835085,Mixed,5.227693867,6.62669628,24.15912719,Acetate,7.21997479
0.266800573,6.175424471,6.990856269,Mixed,5.027213272,8.812080085,20.83970858,Starch,5.799914317
0.821717533,6.204910174,5.223160258,Mixed,5.268595784,7.090158867,29.5852018,Glucose,5.439579342
0.6467234,6.817848408,6.369548782,Mixed,6.317806971,5.876469918,23.63446586,Acetate,5.356523493
0.539377607,2.166027147,8.754597353,Mixed,5.833067395,6.835853918,34.86163079,Glucose,6.879735713
0.925083508,9.186913486,5.920792593,Mixed,8.687223979,8.677549618,36.95855768,Acetate,6.18266258
0.288957986,4.478319986,0.788677067,Mixed,1.445471681,5.704381885,30.91170365,Acetate,3.960018106
0.594100083,4.139816018,9.344012607,Pure Culture,8.499853643,5.855828155,39.63414685,Acetate,7.612222168
0.209082916,5.4297182,7.050504135,Sludge,8.595321514,5.052118271,29.00957143,Glucose,4.918637843
0.574928514,0.946176684,6.926877165,Sludge,3.564172194,5.056760198,30.2673642,Starch,7.372196532
0.245042621,2.079692003,2.548913948,Pure Culture,5.165667595,8.317566508,39.78435508,Glucose,6.35447824
0.295054333,7.511319356,6.759411967,Pure Culture,4.946846397,7.928490427,24.63096872,Acetate,5.621601068
0.294020997,1.286587345,4.241711854,Pure Culture,2.966588509,6.420164226,38.85091879,Glucose,7.631637209
0.719368242,6.22994504,6.686713282,Pure Culture,4.571171624,7.793244629,20.8567511,Starch,5.802175983
0.796835903,2.830816542,1.512633788,Mixed,1.39948995,6.580823705,28.92773781,Glucose,5.269140545
0.666695012,4.198308333,6.749530394,Sludge,3.500398655,8.811587184,21.40007024,Starch,7.015757566
0.969738039,3.242590499,9.994430395,Mixed,8.350139579,8.868210726,34.58469486,Starch,9.722366762
0.499896464,3.878890806,0.958014369,Sludge,3.561060716,6.571175103,32.16817872,Glucose,4.070517864
0.428569669,7.330936099,9.78315475,Sludge,8.363860019,8.416887625,34.13268527,Acetate,6.92355215
0.894879303,3.322656298,4.365625627,Pure Culture,5.784395181,8.092356167,27.489608,Starch,6.276019469
0.378876671,5.880844083,8.772157778,Mixed,8.918764096,6.239999749,27.38963868,Glucose,5.583828035
0.970578032,5.022478821,7.932662099,Pure Culture,6.173015988,5.928159316,20.90638558,Starch,5.986364809
0.20972358,6.804876071,5.886654479,Mixed,1.267014008,6.832938602,26.99889879,Acetate,6.238604674
0.975903061,9.399882524,7.515267488,Sludge,7.078781868,8.125395362,38.58576805,Glucose,7.719025623
0.23452793,7.459434923,8.845897832,Pure Culture,1.403682112,8.840671139,27.58453074,Glucose,8.29585816
0.912914491,2.541933597,4.339333056,Pure Culture,5.055373171,8.054316275,36.62735412,Glucose,6.995205745
0.622160887,0.796239783,3.606815035,Sludge,9.36484025,8.42082794,36.84651009,Acetate,4.900896565
0.994371837,2.991508421,6.842137163,Sludge,2.486835454,7.412257225,27.46482313,Starch,7.358921592
0.259037252,6.153240342,8.174536448,Sludge,4.508851176,8.341631323,32.63977361,Glucose,8.372082287
0.643083428,0.988545228,7.74170878,Pure Culture,7.56874278,8.137683432,21.90743205,Starch,6.060476565
0.975442028,5.215479348,8.079229664,Mixed,8.940327005,6.507942168,22.07357161,Starch,4.723791823
0.618478275,6.170007065,4.638041491,Pure Culture,7.038487043,7.207961208,20.97315327,Acetate,4.701016479
0.703518911,3.675316963,8.269425054,Mixed,3.323559288,8.219012488,31.62030187,Glucose,8.598726495
0.756598951,7.823665936,1.641986026,Pure Culture,7.071470676,5.184226937,28.52141955,Starch,3.889184557
0.563632852,1.512683405,5.672646431,Pure Culture,3.67054877,8.232317129,30.96064713,Glucose,6.990551718
0.702046464,1.213808926,0.554707275,Sludge,7.465863068,5.711552496,30.42146381,Glucose,2.387834093
0.66745145,7.417793184,3.583565384,Mixed,9.586298148,7.058734468,27.00405982,Acetate,3.459859616
0.920926408,5.207167504,3.981384581,Pure Culture,7.49254106,8.233101758,33.5494683,Glucose,5.883197946
0.236357104,7.039822766,4.26364057,Pure Culture,8.765924526,6.015284313,35.17003762,Glucose,4.025820705
0.424770552,4.630859717,7.106938464,Sludge,1.018934589,5.983229757,20.29256518,Starch,6.593359372
0.960329187,2.840819316,4.191301962,Sludge,7.458149123,6.611057594,24.144846,Acetate,4.252321422
0.912211027,8.281472018,4.762589415,Mixed,8.466288012,8.57857119,34.26471736,Glucose,5.138677295
0.564525402,8.09445085,2.756669243,Pure Culture,1.365028638,5.001771126,27.73240345,Starch,4.81587921
0.696106078,7.099616473,4.04589202,Mixed,8.844379546,8.605532387,33.24967894,Acetate,5.058866476
0.421904946,3.085378804,2.659061459,Pure Culture,3.310248055,5.615228099,26.93925319,Acetate,5.092190083
0.350496928,6.107191335,1.195361276,Mixed,6.987628918,8.960345504,27.81510305,Starch,3.513942403
0.570958724,3.929252021,6.232761637,Sludge,8.203193911,8.819387972,23.17357747,Starch,5.170494336
0.482681782,1.370029697,6.848021586,Pure Culture,6.963980618,6.978700758,25.16462039,Starch,5.217528838
0.666924889,9.214478967,6.385158287,Mixed,1.830563129,7.050880991,32.10823515,Starch,8.345530036
0.26218771,1.799776994,4.903193416,Sludge,6.36689367,6.926197361,28.66326223,Starch,5.21959722
0.979515846,9.527254861,4.107964912,Sludge,5.94625291,7.541774583,35.48605366,Glucose,5.75731466
0.988968596,4.737054843,8.701669671,Mixed,9.102891413,5.362886809,37.0516991,Glucose,7.638213789
